1,0.090410959,-3.56
1,0.183561644,-1.93
1,0.260273973,-2.67
1,0.356164384,-2.35
1,0.435616438,-2.95
1,0.520547945,-2.08
1,0.6,-2.02
1,0.693150685,-2.61
1,0.780821918,-2.71
1,0.865753425,-2.92
1,0.945205479,-3.03
2,0.057534247,-0.59
2,0.134246575,-0.27
2,0.210958904,-0.96
2,0.287671233,-0.24
2,0.364383562,-1.04
2,0.452054795,-1.7
2,0.528767123,-1.98
2,0.61369863,0.31
2,0.690410959,0.38
2,0.767123288,0.67
2,0.852054795,0.31
2,0.939726027,-0.03
3,0.002739726,-1
3,0.104109589,-1.84
3,0.180821918,-1.78
3,0.282191781,-0.9
3,0.353424658,-1.21
3,0.449315068,-1.67
3,0.534246575,-1.96
3,0.608219178,-1.63
3,0.704109589,-1.79
3,0.775342466,-2.09
3,0.860273973,-2.02
3,0.956164384,-2.16
4,0.076712329,-1
4,0.156164384,-0.14
4,0.232876712,0.61
4,0.364383562,-0.91
4,0.463013699,-1.85
4,0.531506849,-1.7
4,0.616438356,-2.15
4,0.701369863,-2.17
4,0.789041096,-2.54
4,0.865753425,-3.01
4,0.961643836,-3.34
5,0.065753425,-2.45
5,0.131506849,-3.66
5,0.2,-3.7
5,0.276712329,-4
5,0.369863014,-1.83
5,0.468493151,-2.69
5,0.545205479,-2.41
5,0.624657534,-2.12
5,0.712328767,-2.16
5,0.791780822,-2.36
5,0.879452055,-2.38
5,0.961643836,-2.51
6,0.076712329,-2.19
6,0.15890411,-2.76
6,0.235616438,-2.14
6,0.323287671,-3.05
6,0.408219178,-2.68
6,0.484931507,-2.47
6,0.578082192,-3.01
6,0.654794521,-3.34
6,0.728767123,-3.26
6,0.824657534,-3.55
6,0.906849315,-3.16
6,0.994520548,-3.21
7,0.071232877,-2.31
7,0.147945205,-2.04
7,0.238356164,-2.43
7,0.328767123,-2.64
7,0.41369863,-2.97
7,0.501369863,-1.91
7,0.578082192,-2.18
7,0.665753425,-2.37
7,0.75890411,-2.61
7,0.846575342,-2.59
7,0.926027397,-2.84
7,1,-3.03
8,0.15890411,-1.07
8,0.224657534,-1.02
8,0.320547945,-0.27
8,0.408219178,-0.85
8,0.484931507,-1.5
8,0.578082192,-1.44
8,0.652054795,-1.68
8,0.731506849,-1.74
8,0.81369863,-2.09
8,0.904109589,-2.2
8,0.989041096,-2.22
9,0.117808219,-0.43
9,0.194520548,0.03
9,0.265753425,-0.94
9,0.347945205,-1.79
9,0.424657534,-2.27
9,0.512328767,-2.82
9,0.6,-3.24
9,0.676712329,-0.79
9,0.753424658,-1.1
9,0.843835616,-1.45
9,0.926027397,-1.09
10,0.060273973,-0.2
10,0.156164384,-0.2
10,0.243835616,-0.36
10,0.328767123,0.15
10,0.408219178,-0.54
10,0.495890411,-0.32
10,0.605479452,-0.69
10,0.682191781,-0.73
10,0.750684932,-0.86
10,0.84109589,-1.11
10,0.931506849,-1.59
11,0.073972603,-1.35
11,0.15890411,-2.31
11,0.246575342,-2.95
11,0.326027397,-3.23
11,0.408219178,-1.26
11,0.501369863,-1.77
11,0.594520548,-2.44
11,0.690410959,-2.91
11,0.767123288,-3.2
11,0.860273973,-3.33
11,0.945205479,-3.59
12,0.084931507,-0.75
12,0.150684932,-1.34
12,0.235616438,-1.75
12,0.323287671,-2.57
12,0.408219178,-0.78
12,0.495890411,-1.16
12,0.580821918,-1.14
12,0.657534247,-1.09
12,0.739726027,-0.65
12,0.821917808,-0.68
12,0.912328767,-0.78
12,0.98630137,-1.06
13,0.002739726,-1.52
13,0.079452055,1.86
13,0.142465753,1.35
13,0.232876712,0.86
13,0.326027397,0.81
13,0.383561644,0.68
13,0.468493151,0.12
13,0.564383562,0.11
13,0.638356164,-0.49
13,0.728767123,-0.7
13,0.810958904,0.05
13,0.917808219,-0.65
14,0.131506849,-2.81
14,0.202739726,-2.87
14,0.287671233,-3.66
14,0.364383562,-3.93
14,0.435616438,-4.21
14,0.506849315,-4.32
14,0.594520548,-4.5
14,0.671232877,-4.55
14,0.767123288,-4.98
14,0.838356164,-5.07
14,0.931506849,-5.4
15,0.136986301,-0.55
15,0.224657534,-0.48
15,0.306849315,-1.58
15,0.397260274,-2.56
15,0.471232877,-2.34
15,0.55890411,-2.58
15,0.643835616,-1.21
15,0.728767123,-1.24
15,0.808219178,-1.56
15,0.884931507,-1.31
15,0.980821918,-1.32
16,0.123287671,-3.16
16,0.208219178,-2.61
16,0.304109589,-3.15
16,0.389041096,-3.84
16,0.468493151,-4.47
16,0.531506849,-2.09
16,0.619178082,-1.79
16,0.706849315,-2.04
16,0.783561644,-2.31
16,0.860273973,-2.24
16,0.950684932,-2.45
17,0.079452055,1.14
17,0.156164384,0.7
17,0.282191781,-2.09
17,0.331506849,-2.25
17,0.421917808,-2.65
17,0.493150685,-0.59
17,0.580821918,-0.82
17,0.657534247,-1.08
17,0.742465753,-1.11
17,0.819178082,-0.74
17,0.906849315,-1.02
17,0.991780822,-0.99
18,0.073972603,-1.2
18,0.147945205,-2.51
18,0.238356164,-2.32
18,0.323287671,-0.35
18,0.4,0.32
18,0.476712329,-0.09
18,0.569863014,-0.43
18,0.646575342,-0.79
18,0.728767123,-1.14
18,0.810958904,-1.46
18,0.898630137,-1.77
18,0.98630137,-2.05
19,0.084931507,1.25
19,0.167123288,0.09
19,0.249315068,-1.03
19,0.339726027,0.25
19,0.419178082,0.53
19,0.512328767,0.56
19,0.668493151,0.19
19,0.736986301,0.13
19,0.81369863,-0.06
19,0.898630137,-0.53
19,0.969863014,-0.54
20,0.002739726,-0.62
20,0.101369863,-0.95
20,0.205479452,-2.33
20,0.273972603,-2.55
20,0.356164384,-3.25
20,0.435616438,-2.77
20,0.509589041,-1.96
20,0.602739726,-1.11
20,0.684931507,-0.97
20,0.77260274,-1.22
20,0.857534247,-1.54
20,0.942465753,-1.9
21,0.131506849,-2.96
21,0.205479452,-4.02
21,0.304109589,-4.18
21,0.389041096,-4.39
21,0.465753425,-4.45
21,0.553424658,-4.44
21,0.630136986,-4.3
21,0.715068493,-3.98
21,0.8,-4.13
21,0.895890411,-4.19
21,0.964383562,-4.29
22,0.117808219,0.57
22,0.271232877,-0.87
22,0.345205479,-1.34
22,0.578082192,-5.12
22,0.665753425,-2.19
22,0.750684932,-2.11
22,0.82739726,-1.76
22,0.917808219,-1.92
23,0.079452055,-2.26
23,0.156164384,-2.15
23,0.317808219,-2.02
23,0.416438356,-2.62
23,0.498630137,-2.35
23,0.569863014,-2.66
23,0.654794521,-2.43
23,0.742465753,-1.34
23,0.821917808,-1.78
23,0.904109589,-1.81
24,0.002739726,-0.47
24,0.068493151,0.09
24,0.150684932,-0.74
24,0.224657534,-1.22
24,0.298630137,0.56
24,0.389041096,-0.24
24,0.473972603,-0.96
24,0.561643836,-1.58
24,0.649315068,-1.57
24,0.739726027,-1.9
24,0.832876712,-2.29
24,0.912328767,-2.33
24,0.983561644,-2.31
25,0.002739726,-2.05
25,0.123287671,-0.5
25,0.194520548,-0.69
25,0.271232877,-0.98
25,0.38630137,-1.92
25,0.471232877,0
25,0.569863014,-0.31
25,0.649315068,-0.57
25,0.704109589,-0.3
25,0.808219178,-0.9
25,0.876712329,-0.04
25,0.97260274,-0.6
26,0.076712329,-0.64
26,0.164383562,-1.86
26,0.249315068,-3.09
26,0.336986301,-3.56
26,0.421917808,-4.1
26,0.506849315,-3.59
26,0.594520548,-3.82
26,0.665753425,-3.87
26,0.747945205,-3.96
26,0.821917808,-4.33
26,0.912328767,-4.48
26,0.98630137,-4.73
27,0.090410959,0.8
27,0.175342466,-0.68
27,0.252054795,-1.17
27,0.328767123,-1.87
27,0.416438356,-2.48
27,0.501369863,-1.21
27,0.578082192,-0.28
27,0.690410959,-0.88
27,0.761643836,-0.49
27,0.846575342,-0.63
27,0.931506849,-0.82
28,0.002739726,-0.62
28,0.082191781,1.12
28,0.183561644,-0.52
28,0.232876712,-0.57
28,0.309589041,-1.21
28,0.394520548,-2.49
28,0.452054795,-0.77
28,0.547945205,-1.17
28,0.62739726,-1.16
28,0.720547945,-0.84
28,0.805479452,-1.1
28,0.873972603,-2.64
28,0.947945205,-1.61
29,0.101369863,-0.69
29,0.123287671,-0.55
29,0.21369863,-1.73
29,0.295890411,-2.21
29,0.391780822,-2.73
29,0.482191781,-2.36
29,0.561643836,-2.45
29,0.635616438,-2.63
29,0.726027397,-2.79
29,0.816438356,-3.16
29,0.912328767,-3.44
29,0.980821918,-1.44
30,0.087671233,0.38
30,0.183561644,-0.67
30,0.276712329,-1.55
30,0.367123288,-0.61
30,0.452054795,-0.77
30,0.526027397,-0.95
30,0.61369863,-1.06
30,0.690410959,-1.3
30,0.775342466,-1.15
30,0.854794521,-1.44
30,0.931506849,-0.69
31,0.082191781,-1.64
31,0.178082192,-3.12
31,0.271232877,-3.98
31,0.350684932,-4.76
31,0.430136986,-5.06
31,0.542465753,-5.45
31,0.608219178,-5.45
31,0.698630137,-5.56
31,0.764383562,-5.5
31,0.846575342,-5.79
31,0.945205479,-5.97
32,0.079452055,-0.04
32,0.156164384,-0.28
32,0.238356164,-1.27
32,0.347945205,-2.34
32,0.416438356,-2.78
32,0.501369863,-2.38
32,0.578082192,-2.35
32,0.660273973,-2.83
32,0.736986301,-1.61
32,0.824657534,-1.95
32,0.904109589,-2
32,0.989041096,-1.87
33,0.079452055,-0.09
33,0.156164384,-0.53
33,0.24109589,-0.59
33,0.339726027,-1.23
33,0.432876712,-1.85
33,0.476712329,-1.43
33,0.564383562,-0.65
33,0.668493151,-1.58
33,0.761643836,-1.77
33,0.849315068,-1.81
33,0.928767123,-1.94
34,0.126027397,0.3
34,0.210958904,-0.24
34,0.295890411,-1.42
34,0.375342466,-1.84
34,0.432876712,-2.39
34,0.536986301,-1.08
34,0.608219178,-1.58
34,0.704109589,-0.31
34,0.77260274,-0.48
34,0.857534247,-1.01
34,0.942465753,-1.5
35,0.002739726,-0.47
35,0.117808219,0.64
35,0.232876712,-0.87
35,0.312328767,-0.59
35,0.44109589,0.53
35,0.520547945,0.49
35,0.589041096,0.92
35,0.673972603,1.24
35,0.750684932,1.37
35,0.838356164,0.74
35,0.912328767,0.63
36,0.106849315,-0.37
36,0.304109589,-2.42
36,0.375342466,-3.19
36,0.468493151,-3.17
36,0.550684932,-3.49
36,0.62739726,-2.23
36,0.698630137,-2.51
36,0.794520548,-2.93
36,0.882191781,-3.24
36,0.967123288,-3.49
37,0.079452055,-1.59
37,0.139726027,-2.42
37,0.224657534,-3.34
37,0.309589041,-2.49
37,0.367123288,-2.67
37,0.473972603,-1.15
37,0.575342466,-1.92
37,0.652054795,-2.41
37,0.742465753,-2.81
37,0.82739726,-1.81
37,0.904109589,-1.85
37,0.980821918,-1.75
38,0.060273973,-4.09
38,0.134246575,-3.26
38,0.224657534,0.22
38,0.306849315,-0.62
38,0.383561644,-1.01
38,0.473972603,-0.07
38,0.556164384,0.33
38,0.643835616,-0.04
38,0.726027397,0.04
38,0.821917808,-0.51
38,0.904109589,-0.45
38,0.991780822,-0.56
39,0.002739726,-1.69
39,0.079452055,1.35
39,0.156164384,0.21
39,0.238356164,-0.7
39,0.290410959,-1.35
39,0.375342466,-2.03
39,0.463013699,-2.42
39,0.550684932,-2.8
39,0.638356164,-3.11
39,0.701369863,-1.8
39,0.78630137,-1.8
39,0.868493151,-1.6
39,0.961643836,-1.92
40,0.126027397,-3.21
40,0.298630137,-0.28
40,0.380821918,-0.62
40,0.479452055,-1.27
40,0.553424658,-0.6
40,0.630136986,-0.97
40,0.717808219,-1.53
40,0.802739726,-1.49
40,0.882191781,-1.68
40,0.956164384,-1.89
41,0.084931507,0.7
41,0.17260274,0.4
41,0.254794521,-0.27
41,0.347945205,-1
41,0.42739726,2.16
41,0.515068493,1.47
41,0.605479452,1.02
41,0.695890411,0.76
41,0.77260274,0.63
41,0.852054795,0.35
41,0.928767123,0.04
42,0.090410959,-1.98
42,0.194520548,-1.82
42,0.232876712,-1.77
42,0.342465753,-1.03
42,0.438356164,-1.72
42,0.523287671,-0.49
42,0.616438356,-1.08
42,0.704109589,-1.1
42,0.780821918,-1.44
42,0.865753425,-1.87
42,0.942465753,-2.02
43,0.046575342,-1.25
43,0.123287671,-2.4
43,0.2,-1.52
43,0.284931507,0.6
43,0.389041096,-0.16
43,0.468493151,0.07
43,0.542465753,-0.21
43,0.638356164,-0.51
43,0.726027397,-0.83
43,0.810958904,-1.25
43,0.898630137,-1.57
43,0.967123288,-1.79
44,0.309589041,0.75
44,0.38630137,0.23
44,0.465753425,0.05
44,0.55890411,-0.52
44,0.649315068,-0.47
44,0.734246575,-0.8
44,0.816438356,-0.35
44,0.906849315,-0.47
44,0.983561644,-0.59
45,0.087671233,0.51
45,0.167123288,-0.92
45,0.252054795,-2.15
45,0.331506849,-2.63
45,0.410958904,-3.18
45,0.490410959,-3.45
45,0.583561644,-3.74
45,0.649315068,-3.89
45,0.728767123,-4.29
45,0.802739726,-4.3
45,0.884931507,-4.33
45,0.964383562,-4.62
46,0.002739726,-0.62
46,0.079452055,1.7
46,0.126027397,0.85
46,0.219178082,0.36
46,0.301369863,0.1
46,0.38630137,-0.59
46,0.468493151,-0.47
46,0.57260274,0.5
46,0.649315068,0.38
46,0.734246575,-0.01
46,0.821917808,-0.47
46,0.898630137,-0.78
46,0.983561644,-0.83
47,0.002739726,0.06
47,0.128767123,-2.14
47,0.205479452,-2.12
47,0.293150685,-1.78
47,0.38630137,-2.4
47,0.471232877,-1.83
47,0.55890411,-1.7
47,0.643835616,-1.9
47,0.739726027,-2.08
47,0.819178082,-2.03
47,0.893150685,-2.09
47,0.983561644,-2.1
48,0.167123288,0.94
48,0.24109589,2.43
48,0.312328767,2.3
48,0.389041096,2.05
48,0.468493151,1.44
48,0.545205479,1.2
48,0.62739726,0.74
48,0.704109589,0.37
48,0.783561644,0.69
48,0.849315068,0.23
48,0.926027397,1.87
49,0.073972603,-3.16
49,0.15890411,-1.82
49,0.216438356,-0.13
49,0.312328767,-3.48
49,0.397260274,-3.42
49,0.473972603,-0.96
49,0.542465753,-1.52
49,0.619178082,-2.09
49,0.704109589,-1.4
49,0.77260274,-0.6
49,0.849315068,-1.08
49,0.926027397,-0.7
50,0.084931507,-2.91
50,0.150684932,-3.35
50,0.22739726,-1.76
50,0.315068493,-3.04
50,0.38630137,-1.02
50,0.463013699,-1.8
50,0.545205479,-2.05
50,0.632876712,-2.73
50,0.706849315,-3.25
50,0.794520548,-3.32
50,0.882191781,-3.45
50,0.95890411,-3.66
51,0.079452055,0.01
51,0.156164384,-1.2
51,0.232876712,-2.34
51,0.309589041,-2.01
51,0.397260274,1.24
51,0.471232877,0.71
51,0.539726027,0.32
51,0.616438356,-0.32
51,0.693150685,-0.45
51,0.775342466,-1.03
51,0.846575342,-1.5
51,0.923287671,-1.54
51,1,-1.98
52,0.084931507,-1.86
52,0.161643836,-1.86
52,0.246575342,-2.91
52,0.309589041,-3.45
52,0.419178082,-4.07
52,0.471232877,-4.05
52,0.553424658,-2.04
52,0.646575342,-2.7
52,0.693150685,-2.58
52,0.767123288,-2.63
52,0.852054795,-3.12
52,0.936986301,-3.57
53,0.073972603,-1.56
53,0.126027397,-0.55
53,0.221917808,1.76
53,0.317808219,0.64
53,0.397260274,-0.02
53,0.471232877,-0.27
53,0.542465753,-1.08
53,0.690410959,-1.93
53,0.764383562,-0.55
53,0.849315068,-1.08
53,0.923287671,-1.51
54,0.616438356,-3.06
54,0.690410959,-3.13
54,0.769863014,-3.35
54,0.854794521,-3.73
54,0.920547945,-4.1
54,0.997260274,-4.07
55,0.002739726,-2.58
55,0.306849315,0.21
55,0.383561644,-2.42
55,0.460273973,-2.24
55,0.536986301,-2.45
55,0.61369863,-3.04
55,0.701369863,-3.21
55,0.767123288,-3.64
55,0.854794521,-1.46
55,0.926027397,-1
55,0.994520548,-0.52
56,0.002739726,-0.08
56,0.079452055,0.32
56,0.161643836,0.21
56,0.232876712,-0.57
56,0.336986301,-1.67
56,0.383561644,-0.56
56,0.460273973,-0.84
56,0.536986301,-0.6
56,0.616438356,-0.35
56,0.709589041,-1.01
56,0.808219178,-1.65
56,0.920547945,-1.9
56,0.997260274,-1.92
57,0.002739726,-1.15
57,0.084931507,-1.86
57,0.161643836,-2.36
57,0.24109589,-2.6
57,0.353424658,-0.33
57,0.471232877,-0.49
57,0.534246575,-1.02
57,0.621917808,-1.16
57,0.775342466,-1.85
57,0.852054795,-1.5
57,0.928767123,-1.94
58,0.079452055,-3.28
58,0.156164384,-3.74
58,0.230136986,-2.93
58,0.306849315,-2.02
58,0.378082192,-1.87
58,0.463013699,-2.65
58,0.578082192,-3.52
58,0.684931507,-3.37
58,0.767123288,-3.87
58,0.849315068,-2.94
58,0.928767123,-3.13
58,1,-3.48
59,0.002739726,-0.47
59,0.076712329,-0.13
59,0.167123288,-0.17
59,0.265753425,2.03
59,0.345205479,1.38
59,0.38630137,0.89
59,0.460273973,0.11
59,0.536986301,-0.59
59,0.616438356,-0.59
59,0.690410959,-0.88
59,0.77260274,-1.46
59,0.849315068,-1.69
59,0.917808219,-1.81
60,0.002739726,-0.08
60,0.079452055,-0.2
60,0.156164384,-1.27
60,0.232876712,-2.01
60,0.309589041,-2.52
60,0.394520548,-1.81
60,0.460273973,-0.53
60,0.536986301,-1.04
60,0.635616438,0.57
60,0.745205479,0.41
60,0.767123288,0.26
60,0.923287671,-0.52
60,0.997260274,-0.75
61,0.002739726,-0.08
61,0.079452055,0.83
61,0.169863014,-0.04
61,0.249315068,-0.43
61,0.353424658,-1.06
61,0.38630137,-1.04
61,0.463013699,-1.31
61,0.539726027,-1.72
61,0.619178082,-2.09
61,0.695890411,-2.6
61,0.783561644,-1.08
61,0.926027397,-1.53
61,1,-1.93
62,0.002739726,-1
62,0.079452055,-1.54
62,0.156164384,-1.95
62,0.232876712,-1.85
62,0.309589041,-0.8
62,0.38630137,-1.02
62,0.465753425,-1.82
62,0.55890411,-0.31
62,0.693150685,-1.35
62,0.764383562,-0.51
62,0.846575342,-1.06
62,0.912328767,-1.17
62,1,-0.51
63,0.087671233,-1.21
63,0.161643836,-0.29
63,0.238356164,-0.17
63,0.312328767,-0.13
63,0.389041096,-0.61
63,0.465753425,-1.11
63,0.542465753,-1.52
63,0.619178082,-1.87
63,0.693150685,-2.16
63,0.77260274,-2.25
63,0.849315068,-2.46
63,0.923287671,-1.91
63,0.991780822,-1.89
64,0.087671233,-3.75
64,0.161643836,-2.56
64,0.238356164,-1.94
64,0.315068493,-2.08
64,0.391780822,-2.98
64,0.468493151,-3.73
64,0.547945205,-2.54
64,0.619178082,-2.26
64,0.698630137,-3.19
64,0.775342466,-3.69
64,0.849315068,-3.26
64,0.931506849,-2.83
65,0.002739726,-0.62
65,0.005479452,-0.71
65,0.079452055,-1.02
65,0.156164384,-2.26
65,0.224657534,0.03
65,0.323287671,-0.82
65,0.38630137,-0.13
65,0.473972603,0.37
65,0.542465753,-0.21
65,0.616438356,-0.78
65,0.706849315,-1.41
65,0.769863014,-1.16
65,0.857534247,-1.7
65,0.923287671,-0.76
66,0.230136986,-0.82
66,0.306849315,-1.49
66,0.383561644,-1.94
66,0.471232877,-2.81
66,0.539726027,-2.66
66,0.61369863,-2.59
66,0.695890411,-2.41
66,0.769863014,-2.68
66,0.846575342,-3.16
66,0.915068493,-3.55
66,0.934246575,-3.4
67,0.082191781,-2.33
67,0.235616438,-4.35
67,0.312328767,-4.46
67,0.397260274,-5.18
67,0.493150685,-2.54
67,0.57260274,-1.76
67,0.657534247,-1.09
67,0.726027397,-1.04
67,0.810958904,-0.87
67,0.895890411,-1.29
67,0.975342466,-1.42
68,0.002739726,-1
68,0.084931507,-1.58
68,0.150684932,-3.35
68,0.230136986,-4.26
68,0.304109589,-2.42
68,0.391780822,-3.46
68,0.457534247,-0.81
68,0.545205479,-1.12
68,0.610958904,-0.73
68,0.693150685,-1.35
68,0.756164384,-1.79
68,0.838356164,-2.32
68,0.917808219,-2.54
69,0.073972603,-0.84
69,0.167123288,-1.47
69,0.232876712,-1.53
69,0.38630137,-2.86
69,0.465753425,-1.78
69,0.539726027,-2.15
69,0.616438356,-2.71
69,0.690410959,-2.99
69,0.769863014,-2.64
69,0.846575342,-3.09
69,0.923287671,-2.5
69,0.994520548,-2.1
70,0.002739726,0.46
70,0.060273973,-1.08
70,0.145205479,-2.07
70,0.230136986,-1.01
70,0.306849315,-0.85
70,0.383561644,-1.24
70,0.463013699,-1.98
70,0.567123288,-2.58
70,0.621917808,-1.25
70,0.690410959,-1.72
70,0.797260274,-1.17
70,0.843835616,-1.25
70,0.928767123,-1.27
71,0.002739726,-2.23
71,0.038356164,0.35
71,0.126027397,-0.45
71,0.210958904,-1.83
71,0.298630137,-2.39
71,0.460273973,-3.74
71,0.517808219,-1.76
71,0.624657534,-1.35
71,0.682191781,-1.92
71,0.767123288,-1.47
71,0.857534247,-1.86
71,0.934246575,-2.13
72,0.084931507,-1.81
72,0.090410959,-0.96
72,0.183561644,-1.25
72,0.271232877,-1.58
72,0.356164384,-1.6
72,0.432876712,-1.49
72,0.526027397,-1.74
72,0.602739726,-1.54
72,0.690410959,-0.92
72,0.77260274,-1.34
72,0.857534247,-1.25
72,0.934246575,-1.54
73,0.002739726,-1.52
73,0.079452055,-0.71
73,0.156164384,0.31
73,0.232876712,-0.87
73,0.309589041,-2.01
73,0.38630137,-2.69
73,0.468493151,-3.26
73,0.547945205,-1.61
73,0.616438356,-2.15
73,0.698630137,-1.84
73,0.846575342,-2.81
73,0.923287671,-3.25
74,0.079452055,1.45
74,0.156164384,1.44
74,0.243835616,0.46
74,0.323287671,0.85
74,0.4,0.27
74,0.506849315,-0.31
74,0.583561644,-0.23
74,0.657534247,-0.53
74,0.734246575,0.11
74,0.808219178,-0.01
74,0.912328767,-0.02
75,0.131506849,-1.95
75,0.208219178,-1.63
75,0.312328767,-0.84
75,0.389041096,-1.52
75,0.463013699,-1.75
75,0.539726027,-1.31
75,0.638356164,-1.67
75,0.742465753,-2.37
75,0.802739726,-2.76
75,0.923287671,-3.25
75,0.945205479,-2.31
76,0.101369863,-0.69
76,0.161643836,-0.04
76,0.243835616,-1.21
76,0.457534247,-1.71
76,0.610958904,-2.46
76,0.638356164,-1.07
76,0.753424658,-1.84
76,0.860273973,-2.28
76,0.906849315,-2.5
77,0.002739726,-2.05
77,0.079452055,0.57
77,0.156164384,0.81
77,0.232876712,-0.37
77,0.309589041,-1.43
77,0.38630137,-1.4
77,0.495890411,-1.07
77,0.575342466,-0.82
77,0.663013699,-0.95
77,0.745205479,-1.27
77,0.821917808,-3.01
77,0.947945205,-2.54
77,0.97260274,-2.67
78,0.079452055,-0.97
78,0.161643836,-1.96
78,0.252054795,-3.28
78,0.336986301,-4.28
78,0.41369863,-4.39
78,0.490410959,-4.72
78,0.567123288,-3.84
78,0.64109589,-3.47
78,0.734246575,-3.21
78,0.832876712,-3.6
78,0.909589041,-3.61
79,0.060273973,-3.84
79,0.126027397,-2.84
79,0.21369863,-1.03
79,0.301369863,-1.32
79,0.424657534,-1.66
79,0.493150685,-1.32
79,0.547945205,-1.61
79,0.624657534,-2.21
79,0.767123288,-2.75
79,0.802739726,-2.89
79,0.879452055,-2.57
80,0.095890411,0.51
80,0.161643836,-0.81
80,0.265753425,-0.7
80,0.301369863,-0.69
80,0.4,-1.26
80,0.506849315,-2.19
80,0.547945205,-1.61
80,0.630136986,-0.88
80,0.747945205,-0.48
80,0.852054795,-1.19
80,0.895890411,-1.37
80,0.953424658,-0.48
81,0.087671233,-0.39
81,0.136986301,-0.42
81,0.221917808,-1.18
81,0.306849315,-1.55
81,0.421917808,-1.84
81,0.460273973,-2.13
81,0.575342466,-1.86
81,0.654794521,-1.91
81,0.709589041,-1.85
81,0.82739726,-2.05
81,0.873972603,-2.27
81,0.975342466,-2.66
82,0.052054795,2.37
82,0.136986301,2.18
82,0.252054795,0.88
82,0.306849315,0.25
82,0.402739726,-0.72
82,0.515068493,-0.63
82,0.569863014,-0.86
82,0.673972603,-1.66
82,0.739726027,-1.45
82,0.778082192,-1.05
82,0.882191781,-1.68
82,1,-2.32
83,0.019178082,1.72
83,0.106849315,0.71
83,0.216438356,0.64
83,0.309589041,0.28
83,0.367123288,-0.39
83,0.506849315,-0.44
83,0.523287671,-0.58
83,0.682191781,-1.67
83,0.739726027,-1.38
83,0.775342466,-1.57
83,0.920547945,-2.33
83,0.98630137,-1.47
84,0.079452055,-2.25
84,0.194520548,-3.37
84,0.260273973,-3.66
84,0.312328767,-2.18
84,0.42739726,-1.89
84,0.523287671,-2.55
84,0.62739726,-1.93
84,0.663013699,-1.96
84,0.794520548,-2.79
84,0.846575342,-2.88
84,0.909589041,-3.03
85,0.002739726,-2.05
85,0.224657534,-1.96
85,0.301369863,-2.38
85,0.41369863,-3.3
85,0.509589041,-1.52
85,0.591780822,-1.96
85,0.690410959,-2.05
85,0.767123288,-1.64
85,0.82739726,-1.11
85,0.928767123,-1.14
85,0.969863014,-1.39
86,0.002739726,-0.47
86,0.076712329,-0.64
86,0.128767123,-1.38
86,0.175342466,-1.07
86,0.290410959,-1.94
86,0.41369863,-2.64
86,0.460273973,-1.68
86,0.509589041,-1.52
86,0.643835616,-1.08
86,0.731506849,-1.58
86,0.769863014,-1.75
86,0.879452055,-2.35
86,0.980821918,-2.68
87,0.002739726,-0.47
87,0.087671233,-1.18
87,0.164383562,-1.11
87,0.238356164,-1.25
87,0.312328767,-1.56
87,0.389041096,-2.24
87,0.42739726,-2.16
87,0.506849315,-2.66
87,0.589041096,-2.86
87,0.676712329,-2.36
87,0.764383562,-2.82
87,0.852054795,-3.06
87,0.964383562,-2.8
88,0.002739726,-0.62
88,0.123287671,0.36
88,0.180821918,-0.47
88,0.235616438,-0.37
88,0.339726027,0.84
88,0.416438356,0.38
88,0.542465753,-0.21
88,0.578082192,-0.06
88,0.676712329,-0.15
88,0.778082192,0.35
88,0.82739726,1.41
88,0.928767123,1.03
89,0.082191781,-1.29
89,0.147945205,-1.62
89,0.235616438,0.58
89,0.326027397,-0.62
89,0.416438356,-1.56
89,0.449315068,-0.84
89,0.547945205,-0.43
89,0.597260274,0.22
89,0.720547945,0.17
89,0.819178082,-0.49
89,0.915068493,-0.67
89,0.98630137,-0.77
90,0.112328767,-2.03
90,0.208219178,-2.72
90,0.238356164,-1.45
90,0.383561644,-2.18
90,0.410958904,-1.52
90,0.55890411,-2.16
90,0.621917808,-2.01
90,0.687671233,-2.48
90,0.750684932,-2.51
90,0.852054795,-3.1
90,0.926027397,-2.07
90,0.997260274,-2.47
91,0.101369863,0.27
91,0.210958904,-0.69
91,0.295890411,-1.63
91,0.342465753,-0.6
91,0.454794521,-0.5
91,0.517808219,0.28
91,0.61369863,-0.11
91,0.726027397,-0.24
91,0.756164384,-0.1
91,0.884931507,-0.87
91,0.926027397,-0.91
92,0.084931507,-0.86
92,0.153424658,-1.65
92,0.210958904,-1.23
92,0.306849315,-2.26
92,0.421917808,-2.11
92,0.495890411,-1.16
92,0.58630137,-1.27
92,0.682191781,-1.95
92,0.767123288,-2.4
92,0.860273973,-2.89
92,0.936986301,-3.16
93,0.02739726,0.97
93,0.128767123,-0.51
93,0.216438356,-0.9
93,0.298630137,-1.08
93,0.364383562,-1.09
93,0.42739726,-1.26
93,0.591780822,-2.32
93,0.621917808,-1.42
93,0.715068493,-1.59
93,0.810958904,-2.11
93,0.871232877,-1.34
93,0.969863014,-1.34
94,0.002739726,-0.47
94,0.093150685,-0.04
94,0.17260274,-1.27
94,0.293150685,-2.85
94,0.356164384,-1.15
94,0.432876712,0.95
94,0.506849315,0.38
94,0.605479452,-0.46
94,0.709589041,-1.11
94,0.791780822,-1.32
94,0.835616438,-1.08
94,0.961643836,-1.34
95,0.002739726,-1.52
95,0.084931507,-2.4
95,0.120547945,-0.94
95,0.216438356,-1.92
95,0.293150685,0.16
95,0.38630137,-0.54
95,0.498630137,-1.42
95,0.58630137,-1.46
95,0.693150685,-1.62
95,0.750684932,-1.75
95,0.846575342,-1.59
95,0.917808219,-1.76
95,0.983561644,-1.25
96,0.002739726,-2.23
96,0.131506849,-4.71
96,0.224657534,-3.91
96,0.273972603,-4.21
96,0.320547945,-4.22
96,0.454794521,-5.26
96,0.501369863,-4.28
96,0.635616438,-4.84
96,0.671232877,-4.34
96,0.750684932,-4.02
96,0.849315068,-2.9
96,0.978082192,-3.38
97,0.093150685,0
97,0.164383562,-0.19
97,0.24109589,-0.69
97,0.336986301,-0.28
97,0.424657534,-1.05
97,0.495890411,-1.41
97,0.567123288,-1.8
97,0.663013699,-2.39
97,0.723287671,-2.77
97,0.78630137,-2.33
97,0.901369863,-2.59
97,0.939726027,-1.8
98,0.049315068,0.21
98,0.117808219,-1.14
98,0.221917808,-2.36
98,0.326027397,-3.18
98,0.364383562,-2.97
98,0.482191781,-3.62
98,0.526027397,-2.45
98,0.589041096,-2.17
98,0.657534247,-2.59
98,0.736986301,-2.91
98,0.835616438,-3.01
98,0.893150685,-3
99,0.123287671,-2.78
99,0.189041096,-3.57
99,0.252054795,-3.38
99,0.369863014,-4.08
99,0.44109589,-1.87
99,0.539726027,-0.84
99,0.602739726,-0.94
99,0.671232877,-1.19
99,0.791780822,-1.58
99,0.893150685,-2.05
99,0.983561644,-2.4
100,0.002739726,-0.47
100,0.120547945,-0.18
100,0.21369863,-0.79
100,0.271232877,-0.49
100,0.38630137,-1.02
100,0.482191781,-0.66
100,0.528767123,0.18
100,0.635616438,-0.69
100,0.767123288,-0.26
100,0.901369863,0.1
100,0.969863014,0.31
101,0.076712329,-2.19
101,0.175342466,-1.85
101,0.271232877,-4.41
101,0.345205479,-4.01
101,0.41369863,-4.47
101,0.534246575,-3.73
101,0.583561644,-2.52
101,0.717808219,-3.16
101,0.747945205,-3.34
101,0.843835616,-3.07
101,0.942465753,-3.59
101,1,-3.33
102,0.090410959,-0.79
102,0.109589041,-1.2
102,0.205479452,-1.68
102,0.320547945,-1.57
102,0.364383562,-0.91
102,0.476712329,-1.55
102,0.517808219,-1.82
102,0.597260274,-1.54
102,0.693150685,-1.8
102,0.824657534,-2.67
102,0.854794521,-2.86
102,0.956164384,-3.01
103,0.150684932,0.01
103,0.246575342,-0.77
103,0.353424658,-0.24
103,0.405479452,-0.55
103,0.498630137,-1.17
103,0.578082192,-1.57
103,0.668493151,-1.91
103,0.77260274,-2.25
103,0.78630137,-1.92
103,0.879452055,-2.38
104,0.21369863,2.43
104,0.309589041,1.18
104,0.369863014,0.41
104,0.424657534,-0.1
104,0.504109589,-0.86
104,0.6,-1.06
104,0.704109589,-1.34
104,0.750684932,-1.62
104,0.876712329,-2.34
104,0.969863014,-2.02
105,0.002739726,-0.47
105,0.150684932,0.47
105,0.202739726,0.1
105,0.290410959,-1.26
105,0.361643836,-0.98
105,0.432876712,-1.51
105,0.55890411,-2.35
105,0.61369863,-1.76
105,0.701369863,-1.95
105,0.764383562,-2.02
105,0.912328767,-2.38
105,1,-2.82
106,0.002739726,-0.47
106,0.082191781,1.27
106,0.115068493,0.96
106,0.210958904,0
106,0.323287671,-0.02
106,0.42739726,-0.03
106,0.484931507,0.34
106,0.682191781,-0.91
106,0.747945205,-0.66
106,0.82739726,-0.72
106,0.906849315,-1.01
106,0.997260274,-1.54
107,0.090410959,-0.48
107,0.178082192,-0.88
107,0.260273973,-1.5
107,0.290410959,-1.26
107,0.389041096,-1.52
107,0.523287671,-1.87
107,0.564383562,-1.97
107,0.679452055,-2.61
107,0.761643836,-2.94
107,0.82739726,-3.13
107,0.876712329,-3.42
107,0.961643836,-3.63
108,0.002739726,-2.76
108,0.098630137,0.38
108,0.167123288,0.99
108,0.243835616,0.22
108,0.345205479,-0.83
108,0.446575342,-0.94
108,0.517808219,-1.33
108,0.978082192,-0.49
109,0.098630137,-4.77
109,0.254794521,-4.64
109,0.342465753,-3.57
109,0.476712329,-2.96
109,0.517808219,-1.59
109,0.575342466,-1.37
109,0.687671233,-1.31
109,0.756164384,-1.61
109,0.84109589,-2.08
109,0.939726027,-1.85
109,0.997260274,-2.01
110,0.126027397,-1.83
110,0.210958904,-2.96
110,0.298630137,-3.41
110,0.35890411,-4.05
110,0.42739726,-4.57
110,0.509589041,-5.02
110,0.632876712,-4.64
110,0.720547945,-5.09
110,0.778082192,-4.06
110,0.865753425,-3.53
110,0.936986301,-2.95
111,0.002739726,-1.69
111,0.194520548,-0.46
111,0.693150685,-1.74
111,0.794520548,-1.77
111,0.843835616,-1.74
111,0.964383562,-1.98
112,0.120547945,-2.35
112,0.230136986,-3.02
112,0.276712329,-2.82
112,0.397260274,-2.33
112,0.495890411,-0.92
112,0.556164384,-0.49
112,0.660273973,-1.1
112,0.734246575,-1.18
112,0.767123288,-0.57
112,0.898630137,-1.37
112,0.98630137,-1.82
113,0.106849315,0.2
113,0.136986301,0.33
113,0.221917808,-0.41
113,0.317808219,-0.98
113,0.424657534,-1.05
113,0.476712329,-0.54
113,0.575342466,-0.56
113,0.704109589,-1.19
113,0.761643836,-1.56
113,0.808219178,-1.07
113,0.917808219,-1.28
114,0.049315068,0.63
114,0.109589041,0.48
114,0.205479452,-0.89
114,0.287671233,-1.22
114,0.361643836,-0.74
114,0.435616438,-0.83
114,0.528767123,-1.26
114,0.621917808,-0.77
114,0.701369863,-0.82
114,0.843835616,-1.79
114,0.890410959,-1.56
114,0.97260274,-1.44
115,0.090410959,-0.7
115,0.169863014,-1.12
115,0.210958904,-1.01
115,0.306849315,-1.46
115,0.419178082,-1.81
115,0.443835616,-0.24
115,0.523287671,-0.32
115,0.654794521,-1.06
115,0.764383562,-1.79
115,0.769863014,-1.08
115,0.863013699,-1.65
115,0.98630137,-2.09
116,0.501369863,-1.3
116,0.534246575,-1.03
116,0.608219178,-0.39
116,0.704109589,-0.98
116,0.810958904,-0.04
116,0.904109589,-0.35
116,0.983561644,-0.49
117,0.002739726,-0.08
117,0.128767123,-0.76
117,0.224657534,-2.37
117,0.320547945,-2.92
117,0.408219178,-3.52
117,0.44109589,-3.45
117,0.534246575,-2.94
117,0.668493151,-3.61
117,0.745205479,-2.58
117,0.808219178,-2.91
117,0.857534247,-3.15
117,0.961643836,-3.65
118,0.065753425,-0.38
118,0.126027397,-1.05
118,0.235616438,-0.13
118,0.326027397,-0.48
118,0.443835616,-0.92
118,0.504109589,-0.86
118,0.556164384,-1.19
118,0.693150685,-1.74
118,0.756164384,-2.15
118,0.863013699,-2.57
118,0.947945205,-2.75
119,0.093150685,-2.09
119,0.150684932,-2.55
119,0.243835616,-3.3
119,0.449315068,-4.59
119,0.484931507,-4.58
119,0.602739726,-5.26
119,0.684931507,-5.54
119,0.720547945,-5.58
120,0.002739726,-1.15
120,0.073972603,0.45
120,0.120547945,-0.34
120,0.216438356,-0.8
120,0.304109589,-0.02
120,0.424657534,-1.19
120,0.523287671,-1.81
120,0.594520548,-1.82
120,0.673972603,-1.28
120,0.723287671,-1.11
120,0.810958904,-1.25
120,0.906849315,-1.42
121,0.084931507,-1.35
121,0.17260274,-2.54
121,0.263013699,-2.65
121,0.342465753,-1.59
121,0.405479452,-0.96
121,0.484931507,-0.7
121,0.550684932,-0.28
121,0.608219178,0.57
121,0.684931507,0
121,0.791780822,-0.31
121,0.865753425,-0.18
122,0.126027397,-0.9
122,0.197260274,-1.58
122,0.268493151,-2.01
122,0.356164384,-2.56
122,0.443835616,-2.26
122,0.517808219,-2.86
122,0.652054795,-3.59
122,0.676712329,-2.57
122,0.750684932,-3.02
122,0.884931507,-3.74
122,0.980821918,-3.82
123,0.128767123,-1.38
123,0.243835616,-1.04
123,0.279452055,-1.1
123,0.37260274,-1.82
123,0.476712329,-2.68
123,0.534246575,-2.89
123,0.663013699,-3.76
123,0.739726027,-3.91
123,0.805479452,-4.14
123,0.920547945,-4.53
123,0.997260274,-4.79
124,0.090410959,-0.19
124,0.156164384,-0.78
124,0.290410959,-1.26
124,0.424657534,-1.86
124,0.523287671,-2.25
124,0.619178082,-2.77
124,0.657534247,-2.39
124,0.783561644,-3.18
124,0.868493151,-3.61
124,0.942465753,-3.95
125,0.082191781,0.51
125,0.15890411,0.01
125,0.221917808,-0.89
125,0.309589041,-1.12
125,0.42739726,-1.66
125,0.490410959,-1.19
125,0.64109589,-1.22
125,0.753424658,-1.22
125,0.808219178,-1.07
125,0.890410959,-1.53
126,0.090410959,1.08
126,0.098630137,1.5
126,0.208219178,1.26
126,0.309589041,0.05
126,0.38630137,-0.59
126,0.482191781,0.08
126,0.569863014,0.09
126,0.652054795,-0.4
126,0.728767123,-0.73
126,0.824657534,-0.32
126,0.882191781,-0.08
126,0.975342466,-0.04
127,0.131506849,0.79
127,0.208219178,0.99
127,0.246575342,1.02
127,0.323287671,-0.98
127,0.391780822,-1.79
127,0.479452055,0.3
127,0.61369863,-0.29
127,0.687671233,-0.86
127,0.767123288,-0.97
127,0.843835616,-1.48
127,0.923287671,-1.28
128,0.002739726,0.17
128,0.079452055,-2.16
128,0.189041096,0.46
128,0.284931507,-0.94
128,0.38630137,-1.49
128,0.465753425,-1.82
128,0.539726027,-1.77
128,0.619178082,-2.17
128,0.695890411,-2.72
128,0.783561644,-1.97
128,0.846575342,-1.5
128,0.936986301,-2.05
129,0.002739726,0.06
129,0.084931507,0.69
129,0.15890411,0.25
129,0.232876712,-1.11
129,0.312328767,-1.8
129,0.394520548,-2.06
129,0.465753425,-2.29
129,0.539726027,-2.01
129,0.61369863,-0.75
129,0.693150685,0.01
129,0.769863014,-0.55
129,0.849315068,-0.86
129,0.923287671,-1.32
130,0.084931507,-3.43
130,0.161643836,-3.06
130,0.254794521,-3.71
130,0.328767123,-4.13
130,0.397260274,-4.94
130,0.487671233,-5.4
130,0.564383562,-5.72
131,0.057534247,-0.13
131,0.153424658,-0.39
131,0.22739726,-0.77
131,0.323287671,-1.7
131,0.383561644,-1.46
131,0.460273973,-1.77
131,0.534246575,-1.96
131,0.61369863,-2.13
131,0.712328767,-2.83
131,0.761643836,-2.09
131,0.846575342,-2.63
131,0.936986301,-2.05
131,1,-2.32
132,0.073972603,-1.09
132,0.156164384,-0.8
132,0.232876712,0.12
132,0.304109589,-0.48
132,0.394520548,-1.58
132,0.476712329,-1.5
132,0.55890411,-2.21
132,0.635616438,-2.29
132,0.693150685,-2.7
132,0.764383562,-2.73
132,0.849315068,-2.83
132,0.920547945,-3.24
132,0.991780822,-3.2
133,0.002739726,-4.16
133,0.087671233,-4.01
133,0.164383562,-3.11
133,0.252054795,-3.62
133,0.309589041,-3.46
133,0.383561644,-3.85
133,0.482191781,-1.97
133,0.539726027,-2.01
133,0.695890411,-2.72
133,0.764383562,-3.18
133,0.846575342,-3.25
133,0.923287671,-2.4
134,0.071232877,0.02
134,0.145205479,-0.62
134,0.22739726,-1.76
134,0.317808219,-2.6
134,0.389041096,-3.43
134,0.476712329,-4.27
134,0.534246575,-3.82
134,0.610958904,-3.94
134,0.695890411,-4.53
134,0.77260274,-5.01
134,0.84109589,-5.01
134,0.920547945,-5.26
134,1,-5.64
135,0.090410959,0.03
135,0.150684932,-1.34
135,0.230136986,0.02
135,0.306849315,-2.94
135,0.336986301,-0.67
135,0.424657534,-3.79
135,0.512328767,-1.73
135,0.616438356,-2.56
135,0.843835616,2.54
135,0.915068493,2.03
136,0.383561644,-2.32
136,0.457534247,-2.69
136,0.531506849,-1.47
136,0.61369863,-1.81
136,0.706849315,-1.81
136,0.775342466,-2.09
136,0.838356164,-1.75
136,0.926027397,-2.28
137,0.079452055,0.42
137,0.167123288,-0.17
137,0.249315068,-0.64
137,0.320547945,-1.04
137,0.419178082,-1.84
137,0.495890411,-2.1
137,0.591780822,-1.96
137,0.649315068,-0.75
137,0.739726027,-1.01
137,0.82739726,-1.33
137,0.912328767,-1.69
138,0.002739726,-1.69
138,0.104109589,-3.54
138,0.22739726,-2.41
138,0.304109589,-2.41
138,0.394520548,-1.81
138,0.479452055,-1.89
138,0.569863014,-2.16
138,0.652054795,-2.31
138,0.728767123,-1.81
138,0.821917808,-2.13
138,0.912328767,-2.25
138,0.991780822,-2.47
139,0.115068493,-1.49
139,0.145205479,0.81
139,0.22739726,-1.45
139,0.328767123,-1.34
139,0.424657534,-0.96
139,0.512328767,-0.84
139,0.619178082,-1.66
139,0.693150685,-1.74
139,0.780821918,-1.89
139,0.912328767,-1.41
139,1,-1.35
140,0.002739726,-2.58
140,0.079452055,-3.81
140,0.175342466,-3.82
140,0.252054795,-2.59
140,0.345205479,-1.98
140,0.42739726,-1.88
140,0.515068493,-0.4
140,0.602739726,-1.49
140,0.673972603,-1.48
140,0.769863014,-1.88
140,0.868493151,-2.03
140,0.942465753,-2.16
141,0.079452055,-0.2
141,0.156164384,0.21
141,0.235616438,-0.13
141,0.312328767,-0.69
141,0.389041096,-1.07
141,0.468493151,-0.47
141,0.561643836,-0.36
141,0.657534247,-0.65
141,0.728767123,-0.18
141,0.794520548,-0.41
141,0.882191781,-0.76
141,0.967123288,-0.58
142,0.002739726,-1
142,0.079452055,-1.23
142,0.161643836,-1.56
142,0.24109589,-1.98
142,0.301369863,-3.35
142,0.378082192,-3.79
142,0.465753425,-4.64
142,0.542465753,-3.23
142,0.632876712,-3.64
142,0.709589041,-3.04
142,0.783561644,-3.52
142,0.854794521,-3.95
142,0.934246575,-4.13
142,0.98630137,-3
143,0.021917808,-2.09
143,0.21369863,-4.62
143,0.238356164,-4.95
143,0.315068493,-5.37
143,0.391780822,-5.64
143,0.550684932,-5.94
143,0.715068493,-1.89
143,0.764383562,-2.12
143,0.84109589,-2.25
143,0.917808219,-2.67
144,0.002739726,-1.69
144,0.079452055,-3.28
144,0.153424658,-3.2
144,0.230136986,-2.45
144,0.306849315,-1.55
144,0.419178082,-1.36
144,0.495890411,-0.7
144,0.575342466,-1.34
144,0.652054795,-1.89
144,0.728767123,-1.77
144,0.78630137,-2.13
144,0.868493151,-2.4
144,0.95890411,-2.1
145,0.079452055,-2.66
145,0.167123288,-3.19
145,0.293150685,-4.66
145,0.336986301,-1.9
145,0.534246575,1.17
145,0.619178082,0.48
145,0.695890411,0.34
145,0.775342466,-0.21
145,0.843835616,-0.65
145,0.928767123,-0.36
146,0.002739726,-2.05
146,0.087671233,-4.52
146,0.156164384,-4.46
146,0.232876712,-4.8
146,0.309589041,-4.9
146,0.408219178,-4.96
146,0.482191781,-3.38
146,0.578082192,-2.04
146,0.654794521,-2.11
146,0.750684932,-1.8
146,0.82739726,-2.03
146,0.909589041,-2.36
146,1,-2.61
147,0.090410959,-0.96
147,0.156164384,-0.78
147,0.243835616,-2.16
147,0.309589041,-1.58
147,0.394520548,-0.22
147,0.476712329,-0.63
147,0.556164384,-1.28
147,0.701369863,-2.22
147,0.769863014,-2.64
147,0.846575342,-3.09
147,0.934246575,-3.55
147,1,-2.71
148,0.002739726,-2.05
148,0.005479452,-2.14
148,0.079452055,-3.81
148,0.156164384,-5.46
148,0.232876712,-4.8
148,0.309589041,-5.87
148,0.690410959,-4.81
148,0.756164384,-4.91
148,0.835616438,-5.37
148,0.923287671,-4.54
148,1,-3.03
149,0.156164384,-2.26
149,0.224657534,-2.37
149,0.304109589,-2.45
149,0.383561644,-2.84
149,0.463013699,-3.54
149,0.539726027,-3.68
149,0.610958904,-4.17
149,0.687671233,-2.76
149,0.75890411,-2.99
149,0.849315068,-3.51
149,0.917808219,-3.47
149,1,-3.52
150,0.002739726,-1.15
150,0.082191781,-1.8
150,0.167123288,-2.15
150,0.232876712,-1.05
150,0.320547945,-0.78
150,0.452054795,-1.66
150,0.542465753,-2.39
150,0.61369863,-2.91
150,0.706849315,-3.51
150,0.775342466,-3.09
150,0.835616438,-2.38
150,0.912328767,-2.05
150,0.991780822,-2.43
151,0.002739726,-0.62
151,0.084931507,-3.4
151,0.161643836,-0.14
151,0.252054795,-1.51
151,0.347945205,-1.65
151,0.389041096,-1.98
151,0.468493151,-2.47
151,0.616438356,-2.5
151,0.693150685,-1.32
151,0.769863014,-1.82
151,0.846575342,-2.28
151,0.920547945,-2.69
152,0.002739726,-0.47
152,0.079452055,-2.26
152,0.164383562,-1.96
152,0.232876712,-2.83
152,0.301369863,-3.35
152,0.38630137,-4.35
152,0.468493151,-4.67
152,0.542465753,-5.28
152,0.630136986,-4.99
152,0.695890411,-5.43
152,0.77260274,-5.45
152,0.873972603,-2.97
152,0.923287671,-3.25
153,0.063013699,-0.07
153,0.156164384,-1.45
153,0.235616438,-1.65
153,0.320547945,-2.39
153,0.397260274,-3.04
153,0.465753425,-3.47
153,0.567123288,-3.11
153,0.643835616,-1.94
153,0.723287671,-1.47
153,0.810958904,-1.71
153,0.890410959,-1.81
153,0.97260274,-2.12
154,0.002739726,0.06
154,0.084931507,-2.4
154,0.15890411,-2.51
154,0.235616438,-2.88
154,0.312328767,-3.49
154,0.389041096,-3.9
154,0.468493151,-4.2
154,0.619178082,-4.92
154,0.695890411,-5.43
154,0.77260274,-4.56
154,0.849315068,-5.01
154,0.931506849,-1.59
155,0.002739726,-1.52
155,0.082191781,-1.81
155,0.156164384,-0.55
155,0.232876712,-1.6
155,0.309589041,-0.36
155,0.38630137,-1.02
155,0.463013699,-1.33
155,0.539726027,-1.08
155,0.616438356,-1.46
155,0.693150685,-2.03
155,0.775342466,-2.8
155,0.846575342,-3.25
155,0.923287671,-3.47
155,1,-3.66
156,0.082191781,-1.04
156,0.150684932,0.17
156,0.232876712,-0.87
156,0.312328767,-0.59
156,0.389041096,0.38
156,0.465753425,-0.41
156,0.542465753,-0.78
156,0.621917808,-1.27
156,0.695890411,-0.92
156,0.77260274,-0.57
156,0.849315068,-1.08
156,0.926027397,-1.13
157,0.002739726,-0.62
157,0.084931507,-3.4
157,0.161643836,-1.37
157,0.238356164,-2.56
157,0.304109589,-3.15
157,0.391780822,-3.37
157,0.457534247,-2.15
157,0.531506849,-1.87
157,0.621917808,-2.53
157,0.695890411,-3.02
157,0.764383562,-0.96
157,0.832876712,-1.39
157,0.917808219,-1.48
158,0.073972603,-0.83
158,0.150684932,-1.34
158,0.246575342,-0.35
158,0.309589041,0.41
158,0.38630137,0.41
158,0.465753425,-0.18
158,0.539726027,1.25
158,0.621917808,0.78
158,0.704109589,0.15
158,0.769863014,-0.1
158,0.857534247,-0.7
158,0.936986301,0.09
159,0.002739726,-1.15
159,0.079452055,-0.45
159,0.156164384,-1.27
159,0.232876712,-0.81
159,0.306849315,0.31
159,0.38630137,-0.36
159,0.471232877,-0.71
159,0.539726027,-1.06
159,0.624657534,-1.7
159,0.690410959,-1.72
159,0.764383562,-0.55
159,0.846575342,-0.66
159,0.931506849,-1.16
160,0.002739726,-4.16
160,0.076712329,-1.47
160,0.164383562,-2.11
160,0.22739726,-2.99
160,0.306849315,-3.9
160,0.383561644,-4.32
160,0.463013699,-3.21
160,0.536986301,-0.08
160,0.621917808,-0.77
160,0.698630137,-1.34
160,0.778082192,-1.49
160,0.920547945,-2.38
160,0.994520548,-2.79
161,0.082191781,1.79
161,0.161643836,0.45
161,0.232876712,0.12
161,0.315068493,-1.11
161,0.394520548,-1.58
161,0.468493151,-2.32
161,0.534246575,-2.42
161,0.621917808,-3.1
161,0.687671233,-1.31
161,0.77260274,0.1
161,0.857534247,-0.26
161,0.936986301,-0.64
162,0.002739726,0.46
162,0.093150685,0
162,0.191780822,-0.8
162,0.309589041,-1.68
162,0.38630137,-1.04
162,0.463013699,0.03
162,0.547945205,0.62
162,0.624657534,0.44
162,0.704109589,0.28
162,0.769863014,-0.17
162,0.846575342,0.15
162,0.923287671,-0.33
162,1,-0.76
163,0.126027397,-1.7
163,0.161643836,-1.37
163,0.24109589,-2.12
163,0.323287671,-2.11
163,0.4,-1.9
163,0.460273973,-2.13
163,0.536986301,-1.91
163,0.624657534,-2.55
163,0.690410959,-2.57
163,0.756164384,-2.89
163,0.846575342,-3.41
163,0.915068493,-3.77
163,0.997260274,-1.57
164,0.15890411,-0.35
164,0.232876712,-1.36
164,0.312328767,-2.53
164,0.378082192,-3.31
164,0.465753425,-3.7
164,0.542465753,-1.1
164,0.619178082,-0.8
164,0.698630137,-0.94
164,0.780821918,-1.42
164,0.860273973,-1.93
164,0.917808219,-1.94
164,1,-2.23
165,0.076712329,-0.13
165,0.161643836,-2.06
165,0.230136986,-2.3
165,0.298630137,-1.37
165,0.391780822,-1.08
165,0.460273973,-1.77
165,0.490410959,-2.05
165,0.536986301,-2.45
165,0.616438356,-3.06
165,0.684931507,-0.88
165,0.775342466,-1.25
165,0.873972603,1.02
165,0.939726027,0.8
166,0.073972603,-0.93
166,0.156164384,0.06
166,0.232876712,-0.62
166,0.309589041,-1.04
166,0.408219178,-1.97
166,0.471232877,-1.78
166,0.542465753,-2.4
166,0.6,-2.48
166,0.695890411,-2.95
166,0.769863014,-3.21
166,0.849315068,-3.7
166,0.926027397,-4.13
167,0.079452055,-0.71
167,0.156164384,-0.98
167,0.235616438,-1.57
167,0.306849315,-1.78
167,0.394520548,-1.67
167,0.471232877,-0.94
167,0.539726027,-1.5
167,0.61369863,-1.62
167,0.690410959,-1.72
167,0.764383562,-1.08
167,0.846575342,-1.47
167,0.920547945,-1.7
167,1,-1.93
168,0.002739726,-0.62
168,0.082191781,-3.08
168,0.161643836,-3.83
168,0.249315068,-2.23
168,0.309589041,-1.12
168,0.383561644,0.22
168,0.463013699,0.47
168,0.539726027,0.03
168,0.616438356,-0.35
168,0.690410959,-0.46
168,0.767123288,-0.98
168,0.843835616,-1.05
168,0.920547945,-0.71
168,1,-1.15
169,0.002739726,-1
169,0.079452055,-1.23
169,0.15890411,-1.2
169,0.293150685,-1.78
169,0.389041096,-1.52
169,0.465753425,-0.88
169,0.542465753,-1.1
169,0.621917808,-1.73
169,0.695890411,-1.82
169,0.77260274,-2.34
169,0.854794521,-1.99
169,0.953424658,-2.57
170,0.076712329,-0.13
170,0.156164384,-0.63
170,0.232876712,-1.53
170,0.317808219,0.04
170,0.383561644,0.81
170,0.463013699,1.37
170,0.547945205,1.05
170,0.616438356,0.5
170,0.693150685,-0.06
170,0.769863014,-0.58
170,0.846575342,-1.07
170,0.928767123,-1.54
171,0.073972603,-4.18
171,0.161643836,-4.57
171,0.22739726,-2.25
171,0.304109589,-3.38
171,0.380821918,-3.34
171,0.460273973,-4.13
171,0.534246575,-3.59
171,0.630136986,-3.44
171,0.695890411,-2.27
171,0.764383562,-2.33
171,0.849315068,-2.87
171,0.895890411,-3.14
171,0.994520548,-3.55
172,0.002739726,-1
172,0.084931507,-0.34
172,0.128767123,0.9
172,0.216438356,0.65
172,0.301369863,-0.44
172,0.331506849,0.12
172,0.419178082,-0.19
172,0.553424658,-0.73
172,0.605479452,-0.96
172,0.695890411,-1.37
172,0.783561644,-1.75
172,0.857534247,-1.53
172,0.936986301,-1.62
173,0.016438356,-3.03
173,0.134246575,-2.51
173,0.210958904,-0.69
173,0.293150685,-2.27
173,0.383561644,-2.89
173,0.479452055,-3.36
173,0.536986301,-2.91
173,0.61369863,-0.75
173,0.698630137,-1.39
173,0.794520548,-1.16
173,0.852054795,-1.53
173,0.920547945,-1.95
173,1,-1.56
174,0.002739726,-2.05
174,0.079452055,-2.78
174,0.156164384,-1.95
174,0.232876712,-1.36
174,0.306849315,-1.97
174,0.38630137,-1.97
174,0.476712329,-1.93
174,0.539726027,-2.47
174,0.616438356,-2.61
174,0.693150685,-3.15
174,0.769863014,-2.32
174,0.846575342,-2.81
174,0.923287671,-2.4
174,0.997260274,-2.6
175,0.079452055,-2.25
175,0.156164384,-1.77
175,0.24109589,-2.12
175,0.309589041,-2.52
175,0.38630137,-2.41
175,0.471232877,-2.27
175,0.556164384,-2.06
175,0.693150685,-3
175,0.783561644,-3.14
175,0.854794521,-2.41
175,0.920547945,-2.49
175,0.994520548,-2.87
176,0.098630137,-1.04
176,0.156164384,-1.12
176,0.189041096,-0.86
176,0.232876712,0.39
176,0.309589041,-0.65
176,0.38630137,-1.04
176,0.465753425,-1.33
176,0.539726027,-1.5
176,0.616438356,-1.85
176,0.695890411,-2.18
176,0.769863014,-2.44
176,0.846575342,-2.68
176,0.923287671,-3.1
177,0.002739726,-1.69
177,0.079452055,-0.71
177,0.156164384,0.7
177,0.232876712,-0.09
177,0.309589041,-1.12
177,0.383561644,-1.47
177,0.460273973,-1.73
177,0.536986301,-1.17
177,0.61369863,2.67
177,0.690410959,2.06
177,0.75890411,1.56
177,0.849315068,0.94
177,0.926027397,0.85
177,1,0.4
178,0.002739726,0.06
178,0.010958904,-0.22
178,0.082191781,-1.3
178,0.15890411,-2.76
178,0.235616438,-2.88
178,0.315068493,-1.6
178,0.410958904,-2.23
178,0.487671233,-2.73
178,0.556164384,-2.14
178,0.602739726,-0.67
178,0.695890411,-1.05
178,0.802739726,-1.66
178,0.843835616,-1.48
178,0.926027397,-1.55
178,1,-1.98
179,0.002739726,-0.08
179,0.079452055,1.35
179,0.153424658,0.26
179,0.232876712,0.77
179,0.317808219,-0.29
179,0.38630137,0.78
179,0.463013699,0.47
179,0.539726027,-0.19
179,0.61369863,-0.33
179,0.690410959,-0.88
179,0.767123288,-0.98
179,0.843835616,-1.45
179,0.923287671,-0.44
179,1,0.01
180,0.002739726,-0.62
180,0.079452055,1.09
180,0.164383562,-0.43
180,0.252054795,-1.22
180,0.328767123,-1.57
180,0.408219178,-1.71
180,0.498630137,-1.65
180,0.575342466,-1.68
180,0.673972603,-1.82
180,0.747945205,-1.76
180,0.843835616,-2.06
180,0.917808219,-2.32
180,1,-2.51
181,0.082191781,-3.87
181,0.15890411,-5.27
181,0.389041096,-3.9
181,0.495890411,-3.69
181,0.589041096,-2.44
181,0.668493151,-2.62
181,0.75890411,-2.74
181,0.835616438,-2.74
181,0.928767123,-2.86
182,0.079452055,-3.29
182,0.15890411,-3.51
182,0.243835616,-1.53
182,0.336986301,-1.4
182,0.41369863,-1.08
182,0.487671233,-1.09
182,0.583561644,-1.43
182,0.654794521,-1.48
182,0.736986301,-1.7
182,0.819178082,-1.1
182,0.915068493,-1.49
183,0.084931507,-2.63
183,0.164383562,-2.4
183,0.232876712,-2.48
183,0.312328767,-2.55
183,0.468493151,-3.14
183,0.539726027,-2.81
183,0.621917808,-3.18
183,0.701369863,-2.72
183,0.783561644,-2.93
183,0.868493151,-2.97
183,0.947945205,-2.87
184,0.079452055,-0.71
184,0.156164384,0.21
184,0.232876712,-0.09
184,0.312328767,-0.92
184,0.38630137,-1.5
184,0.531506849,-2.53
184,0.619178082,-2.51
184,0.704109589,-2.28
184,0.769863014,-2.23
184,0.863013699,-2.09
184,0.947945205,-2.04
185,0.082191781,0.25
185,0.175342466,-0.58
185,0.246575342,-0.77
185,0.334246575,-0.25
185,0.42739726,-0.54
185,0.517808219,-0.67
185,0.597260274,-1.11
185,0.676712329,-1.55
185,0.775342466,-1.4
185,0.84109589,-1.56
185,0.931506849,-1.96
186,0.079452055,2.38
186,0.153424658,1.37
186,0.230136986,0.16
186,0.315068493,-0.63
186,0.342465753,-0.74
186,0.42739726,-0.98
186,0.506849315,-0.75
186,0.591780822,-0.63
186,0.673972603,-0.76
186,0.767123288,-0.53
186,0.846575342,0.25
186,0.920547945,0.15
187,0.175342466,-1.22
187,0.254794521,-2.2
187,0.345205479,-2.79
187,0.430136986,-2.9
187,0.506849315,-2.05
187,0.6,-2.48
187,0.734246575,-3.16
187,0.830136986,-3.59
187,0.893150685,-3.86
187,0.997260274,-5
188,0.002739726,-2.05
188,0.079452055,-4.84
188,0.153424658,-5.41
188,0.383561644,-0.99
188,0.460273973,-0.83
188,0.536986301,-1.05
188,0.619178082,-1.3
188,0.704109589,-1.16
188,0.8,-1.15
188,0.882191781,-1.29
188,0.964383562,-1.4
189,0.082191781,-3.59
189,0.156164384,-2.51
189,0.235616438,-2.05
189,0.323287671,0.81
189,0.408219178,0.33
189,0.484931507,0.23
189,0.569863014,0.01
189,0.649315068,0.47
189,0.728767123,0.19
189,0.805479452,0.01
189,0.890410959,-0.17
189,0.964383562,-0.49
190,0.060273973,0.32
190,0.15890411,-0.5
190,0.235616438,-1.4
190,0.320547945,-2.25
190,0.394520548,-2.54
190,0.482191781,-2.4
190,0.567123288,-2.23
190,0.657534247,-2.22
190,0.734246575,-2.13
190,0.830136986,-1.83
190,0.950684932,-2.08
191,0.084931507,-1.37
191,0.167123288,-0.67
191,0.252054795,-1.57
191,0.336986301,-1.88
191,0.41369863,-1.74
191,0.501369863,-1.68
191,0.6,-2.11
191,0.682191781,-2.63
191,0.756164384,-2.9
191,0.838356164,-3.2
191,0.928767123,-3.2
192,0.106849315,-1.32
192,0.194520548,-1.92
192,0.284931507,-2.22
192,0.35890411,-2.22
192,0.457534247,-2.87
192,0.536986301,-3.01
192,0.608219178,-2.05
192,0.704109589,-1.48
192,0.778082192,-1.75
192,0.863013699,-2.05
192,0.950684932,-2.45
193,0.002739726,-1.42
193,0.079452055,-2.76
193,0.164383562,-3.63
193,0.232876712,-4.16
193,0.323287671,-1.74
193,0.402739726,-0.75
193,0.490410959,-0.61
193,0.567123288,-0.62
193,0.660273973,-0.33
193,0.742465753,-0.4
193,0.838356164,-0.65
193,0.920547945,-0.98
193,0.991780822,-1.11
194,0.084931507,1.2
194,0.15890411,1.6
194,0.238356164,1.01
194,0.312328767,0.13
194,0.38630137,-0.3
194,0.463013699,-0.86
194,0.534246575,-1.49
194,0.616438356,0.37
194,0.706849315,0.13
194,0.783561644,-0.42
194,0.857534247,-0.35
194,0.934246575,-0.71
195,0.106849315,-1.9
195,0.147945205,-1.79
195,0.232876712,-2.34
195,0.315068493,-3.04
195,0.402739726,-3.81
195,0.539726027,-4.33
195,0.616438356,-4.67
195,0.693150685,-4.06
195,0.769863014,-4.55
195,0.843835616,-4.1
195,0.923287671,-4.54
195,0.997260274,-4.49
196,0.082191781,-0.26
196,0.15890411,-1.32
196,0.232876712,-0.57
196,0.301369863,-1.39
196,0.378082192,-1.87
196,0.473972603,0.11
196,0.550684932,-0.45
196,0.646575342,-1.04
196,0.728767123,-1.6
196,0.802739726,-2.06
196,0.876712329,-2.45
196,0.95890411,-2.85
197,0.073972603,-1.29
197,0.142465753,0.34
197,0.219178082,-0.78
197,0.306849315,-2.02
197,0.378082192,-2.6
197,0.468493151,-3.26
197,0.547945205,-3.56
197,0.632876712,-4.1
197,0.723287671,-4.48
197,0.81369863,-4.89
197,0.895890411,-5.26
197,0.978082192,-5.24
198,0.087671233,-0.13
198,0.167123288,-1.47
198,0.257534247,-2.49
198,0.342465753,-2.88
198,0.421917808,-3.06
198,0.515068493,-3.41
198,0.594520548,-3.63
198,0.671232877,-3.71
198,0.767123288,-0.57
198,0.835616438,1.03
198,0.920547945,0.56
199,0.073972603,-0.83
199,0.150684932,-0.33
199,0.219178082,0.94
199,0.290410959,0.15
199,0.361643836,-0.35
199,0.449315068,-1.2
199,0.523287671,-1.73
199,0.602739726,-2.27
199,0.693150685,-2.7
199,0.756164384,-2.68
199,0.846575342,-3.16
199,0.936986301,-3.33
200,0.084931507,-2.65
200,0.15890411,-2.66
200,0.238356164,-3.41
200,0.295890411,-0.85
200,0.378082192,-1.16
200,0.465753425,-1.35
200,0.536986301,-1.52
200,0.610958904,-1.97
200,0.687671233,0.63
200,0.769863014,0.12
200,0.849315068,-0.21
200,0.942465753,-0.76
201,0.076712329,0.9
201,0.161643836,0.5
201,0.24109589,-0.21
201,0.317808219,0.46
201,0.38630137,-0.13
201,0.457534247,-0.37
201,0.556164384,-1.1
201,0.635616438,-1.56
201,0.723287671,-1.94
201,0.783561644,-1.37
201,0.873972603,-1.83
201,0.969863014,-2.28
202,0.095890411,2.99
202,0.183561644,1.87
202,0.260273973,1.17
202,0.342465753,1.73
202,0.42739726,1.26
202,0.504109589,2.32
202,0.575342466,2.56
202,0.654794521,2.42
202,0.756164384,1.78
202,0.832876712,1.33
202,0.906849315,0.93
203,0.084931507,-1.78
203,0.167123288,-2.17
203,0.252054795,-0.69
203,0.320547945,-0.7
203,0.383561644,-0.99
203,0.471232877,-1.78
203,0.539726027,-1.45
203,0.616438356,-1.92
203,0.704109589,-0.53
203,0.78630137,-0.66
203,0.863013699,-0.95
203,0.950684932,-1.32
204,0.065753425,0.68
204,0.150684932,-0.58
204,0.22739726,1.69
204,0.312328767,2.88
204,0.380821918,2.24
204,0.443835616,1.64
204,0.526027397,2.3
204,0.594520548,1.79
204,0.671232877,1.3
204,0.750684932,0.79
204,0.824657534,0.35
204,0.906849315,-0.19
205,0.002739726,-1.69
205,0.104109589,0.01
205,0.189041096,0.22
205,0.284931507,-0.34
205,0.364383562,-0.81
205,0.430136986,-0.7
205,0.512328767,-0.84
205,0.6,-1.09
205,0.668493151,-0.73
205,0.764383562,-0.75
205,0.838356164,-0.21
205,0.906849315,-0.23
206,0.002739726,-1.15
206,0.101369863,-1.96
206,0.189041096,-1.34
206,0.276712329,-1.98
206,0.353424658,-2.53
206,0.435616438,-1.51
206,0.517808219,-1.76
206,0.597260274,-1.71
206,0.665753425,-2.07
206,0.761643836,-2.59
206,0.84109589,-2
206,0.934246575,-2.48
207,0.243835616,0.92
207,0.301369863,0.52
207,0.389041096,1.14
207,0.465753425,0.53
207,0.556164384,-0.06
207,0.638356164,-0.49
207,0.726027397,-0.37
207,0.819178082,-0.97
207,0.917808219,-1.42
207,0.983561644,-1.68
208,0.002739726,-0.08
208,0.079452055,0.06
208,0.156164384,-0.78
208,0.232876712,-0.09
208,0.309589041,1.21
208,0.405479452,1.94
208,0.501369863,1.86
208,0.589041096,1.28
208,0.684931507,0.84
208,0.750684932,0.79
208,0.824657534,0.57
208,0.895890411,0.44
208,0.942465753,0.35
209,0.087671233,0.12
209,0.189041096,-0.51
209,0.252054795,-0.84
209,0.328767123,-1.34
209,0.41369863,0.45
209,0.512328767,-0.53
209,0.6,-1.22
209,0.695890411,-1.89
209,0.764383562,-1.37
209,0.854794521,-1.52
209,0.936986301,-1.39
210,0.093150685,-0.04
210,0.178082192,-1.38
210,0.257534247,-2.09
210,0.345205479,-2.94
210,0.419178082,-2.79
210,0.509589041,-2.92
210,0.594520548,-3.36
210,0.665753425,-3.64
210,0.75890411,-4.03
210,0.843835616,-4.32
210,0.934246575,-3.74
211,0.079452055,1.35
211,0.178082192,0.31
211,0.243835616,-0.01
211,0.309589041,0.33
211,0.4,0.14
211,0.484931507,0.41
211,0.569863014,0.44
212,0.079452055,-1.63
212,0.161643836,-1.37
212,0.238356164,-0.65
212,0.315068493,-0.72
212,0.394520548,-1.12
212,0.463013699,-0.86
212,0.605479452,-1.77
212,0.690410959,-1.85
212,0.778082192,-2.41
212,0.947945205,-3.03
213,0.079452055,0.83
213,0.145205479,1.16
213,0.221917808,0.46
213,0.312328767,-0.27
213,0.397260274,-0.92
213,0.471232877,-0.71
214,0.090410959,-0.96
214,0.175342466,-0.92
214,0.263013699,-0.52
214,0.347945205,-1.1
214,0.424657534,-1.41
214,0.504109589,-2.1
214,0.591780822,-1.33
214,0.671232877,-1.85
214,0.75890411,-1.75
214,0.84109589,-0.51
214,0.936986301,-1.08
215,0.079452055,-1.74
215,0.153424658,-1.22
215,0.235616438,-2.05
215,0.323287671,-1.74
215,0.42739726,-1.8
215,0.515068493,-1.79
215,0.580821918,-2.16
215,0.693150685,-3
215,0.791780822,-3.59
215,0.849315068,-3.59
215,0.923287671,-4.13
215,1,-4.26
216,0.087671233,0.1
216,0.17260274,-1.27
216,0.254794521,-0.73
216,0.345205479,-0.44
216,0.402739726,-0.44
216,0.498630137,-1.37
216,0.597260274,-0.81
216,0.665753425,-1.24
216,0.739726027,-1.59
216,0.830136986,-0.17
216,0.909589041,-0.6
217,0.076712329,-1.52
217,0.153424658,-1.72
217,0.21369863,-2.45
217,0.320547945,-1.62
217,0.435616438,-1.6
217,0.471232877,-1.83
217,0.547945205,-2
217,0.632876712,-1.5
217,0.728767123,-2.43
217,0.843835616,-2.59
217,0.895890411,-2.67
217,0.991780822,-3.33
218,0.079452055,1.65
218,0.175342466,0.92
218,0.260273973,0.16
218,0.339726027,0.97
218,0.435616438,0.59
218,0.526027397,-0.03
218,0.583561644,-0.05
218,0.671232877,0.17
218,0.75890411,-0.38
218,0.835616438,-0.55
218,0.912328767,-0.83
218,0.997260274,-0.7
219,0.076712329,0.39
219,0.147945205,-0.78
219,0.221917808,-1.17
219,0.315068493,-1.93
219,0.397260274,-2.56
219,0.473972603,-2.84
219,0.564383562,-3.27
219,0.646575342,-3.74
219,0.728767123,-3.93
219,0.802739726,-4.3
219,0.895890411,-4.39
219,0.98630137,-4.44
220,0.098630137,1.91
220,0.232876712,1.01
220,0.309589041,-2.56
220,0.383561644,-1.97
220,0.465753425,-2
220,0.556164384,-2.1
220,0.652054795,-2.31
220,0.731506849,-2.41
220,0.816438356,-2.47
220,0.893150685,-2.58
220,0.98630137,-2.72
221,0.076712329,0.9
221,0.156164384,-0.2
221,0.235616438,-0.32
221,0.304109589,-0.24
221,0.389041096,-1.29
221,0.463013699,0.08
221,0.536986301,-0.31
221,0.630136986,-0.42
221,0.704109589,-0.53
221,0.789041096,-0.68
221,0.868493151,-0.81
221,0.956164384,-1.31
222,0.076712329,-2.19
222,0.153424658,-0.98
222,0.249315068,-0.33
222,0.339726027,-1.33
222,0.421917808,-1.84
222,0.498630137,-2.05
222,0.594520548,-2.34
222,0.684931507,-2.53
222,0.750684932,-2.53
222,0.846575342,-2.97
222,0.920547945,-3.09
223,0.093150685,-1.37
223,0.178082192,-2.87
223,0.21369863,-3.01
223,0.295890411,-2.89
223,0.389041096,-3.19
223,0.484931507,-3.41
223,0.575342466,-3.68
223,0.646575342,-3.74
223,0.734246575,-4.1
223,0.81369863,-4.37
223,0.890410959,-4.37
223,0.975342466,-4.38
224,0.002739726,0.46
224,0.052054795,1.01
224,0.128767123,1.74
224,0.21369863,0.44
224,0.295890411,0.73
224,0.389041096,0.39
224,0.468493151,0.16
224,0.561643836,-0.36
224,0.638356164,-0.6
224,0.717808219,-1.07
225,0.079452055,2.99
225,0.156164384,3.07
225,0.282191781,3.28
225,0.37260274,4.05
225,0.454794521,3.46
225,0.536986301,3.73
225,0.619178082,3.78
225,0.706849315,3.05
225,0.78630137,2.97
225,0.873972603,2.45
225,0.953424658,2.12
226,0.101369863,-1.77
226,0.183561644,-2.77
226,0.263013699,-3.39
226,0.350684932,-4.44
226,0.443835616,-4.92
226,0.542465753,-3.88
226,0.616438356,-3.84
226,0.698630137,-4.09
226,0.77260274,-4.43
226,0.849315068,-4.57
226,0.936986301,-4.61
227,0.093150685,-0.19
227,0.189041096,-1.53
227,0.254794521,-1.71
227,0.336986301,-2.36
227,0.846575342,-3.2
227,0.920547945,-3.71
228,0.071232877,-2.06
228,0.136986301,-0.02
228,0.224657534,-1.17
228,0.320547945,0.61
228,0.397260274,0.53
228,0.463013699,0.34
228,0.536986301,1.58
228,0.61369863,1.38
228,0.704109589,0.91
228,0.78630137,0.79
228,0.865753425,0.31
228,0.956164384,-0.12
229,0.087671233,1.13
229,0.153424658,0.11
229,0.263013699,0.12
229,0.342465753,-0.5
229,0.424657534,-0.95
229,0.512328767,-1.77
229,0.569863014,-1.79
229,0.682191781,-2.54
229,0.728767123,-2.27
229,0.835616438,-1.91
229,0.920547945,-2.12
229,0.975342466,-2.01
230,0.079452055,-0.71
230,0.178082192,-1.36
230,0.298630137,-2.01
230,0.35890411,-1.95
230,0.389041096,-1.52
230,0.528767123,-1.85
230,0.621917808,-2.19
230,0.682191781,-1.92
230,0.761643836,-2.3
230,0.854794521,-2.85
230,0.964383562,-3.31
230,1,-2.55
231,0.219178082,0.6
231,0.304109589,-0.12
231,0.391780822,-0.64
231,0.44109589,-0.67
231,0.515068493,-0.51
231,0.580821918,-0.77
231,0.706849315,-1.37
231,0.753424658,-1.3
231,0.890410959,-2.13
231,0.980821918,-2.61
232,0.002739726,-0.08
232,0.079452055,-1.22
232,0.156164384,-1.77
232,0.24109589,-0.69
232,0.317808219,0.46
232,0.405479452,-0.28
232,0.493150685,0.51
232,0.597260274,-0.34
232,0.682191781,-0.74
232,0.767123288,-1.02
232,0.835616438,0.22
232,0.931506849,-0.02
233,0.076712329,0.03
233,0.153424658,-0.89
233,0.24109589,-1.59
233,0.326027397,-2.22
233,0.402739726,-2.62
233,0.487671233,-1.84
233,0.561643836,-2.18
233,0.652054795,-2.41
233,0.726027397,-2.61
233,0.805479452,-1.85
233,0.893150685,-2
233,0.98630137,-2.33
234,0.079452055,-2.1
234,0.164383562,-1.07
234,0.252054795,-2.08
234,0.350684932,-2.05
234,0.435616438,-2.77
234,0.515068493,-2.09
234,0.6,-2.38
234,0.679452055,-2.49
234,0.769863014,-2.23
234,0.868493151,-2.64
234,0.945205479,-2.54
235,0.002739726,-0.08
235,0.126027397,-2.56
235,0.205479452,-3.44
235,0.290410959,-0.69
235,0.364383562,-1.23
235,0.443835616,-1
235,0.536986301,-1.13
235,0.621917808,-1.68
235,0.712328767,-2.08
235,0.797260274,-2.4
235,0.879452055,-2.34
235,0.953424658,-2.47
236,0.082191781,-0.58
236,0.15890411,-1.76
236,0.232876712,-0.52
236,0.334246575,-0.88
236,0.394520548,-1.01
236,0.493150685,-1.42
236,0.6,-1.52
236,0.684931507,-2.28
236,0.742465753,-3.48
236,0.802739726,-2.63
236,0.909589041,-2.32
237,0.079452055,0.11
237,0.117808219,-0.79
237,0.191780822,-1.14
237,0.410958904,-0.47
237,0.490410959,-1.28
237,0.575342466,-1.34
237,0.657534247,0.2
237,0.739726027,-0.38
237,0.824657534,-1.05
237,0.931506849,-0.45
238,0.087671233,-0.92
238,0.175342466,-2.67
238,0.257534247,-3.7
238,0.347945205,-1.15
238,0.42739726,-1.93
238,0.506849315,-1.45
238,0.597260274,-2.09
238,0.676712329,-2.68
238,0.753424658,-3.02
238,0.832876712,-2.24
238,0.983561644,-2.65
239,0.002739726,-0.47
239,0.052054795,-0.81
239,0.134246575,-2.76
239,0.175342466,-0.93
239,0.263013699,-1.44
239,0.347945205,-0.33
239,0.430136986,-1.48
239,0.501369863,-1.68
239,0.6,-1.56
239,0.767123288,-1.86
239,0.857534247,-2.44
239,0.942465753,-1.1
240,0.079452055,-3.17
240,0.150684932,-1.47
240,0.265753425,-1.98
240,0.328767123,-0.88
240,0.482191781,-3.87
240,0.536986301,-3.32
240,0.578082192,-2.66
240,0.657534247,-3.15
240,0.747945205,-3.34
240,0.830136986,-3.4
240,0.931506849,-3.14
241,0.131506849,-3.06
241,0.328767123,-0.83
241,0.408219178,-1.26
241,0.498630137,-1.96
241,0.580821918,-1.46
241,0.668493151,-2
241,0.756164384,-2.48
241,0.816438356,-2.51
241,0.909589041,-2.95
242,0.117808219,-0.64
242,0.2,0.42
242,0.290410959,-1.35
242,0.378082192,-1.87
242,0.468493151,-1.4
242,0.550684932,-1.15
242,0.638356164,-0.94
242,0.723287671,-1.4
242,0.808219178,-1.16
242,0.893150685,-1.62
242,0.989041096,-1.79
243,0.123287671,-2.15
243,0.219178082,-1.33
243,0.312328767,-1.62
243,0.416438356,-0.57
243,0.509589041,-2.4
243,0.542465753,-2.31
243,0.663013699,-2.81
243,0.753424658,-2.96
243,0.835616438,-3.23
243,0.915068493,-3.45
243,1,-2.32
244,0.002739726,-0.62
244,0.079452055,-0.71
244,0.150684932,0.11
244,0.230136986,-0.48
244,0.317808219,-0.52
244,0.471232877,-0.45
244,0.547945205,-0.91
244,0.591780822,-1.33
244,0.671232877,-1.17
244,0.764383562,-1.08
244,0.843835616,-1.45
244,0.923287671,-1.91
245,0.079452055,-0.2
245,0.153424658,-0.33
245,0.21369863,0.2
245,0.301369863,-0.08
245,0.380821918,0.29
245,0.471232877,0.09
245,0.547945205,-0.17
245,0.62739726,-0.65
245,0.709589041,-0.43
245,0.789041096,-0.71
245,0.882191781,-1.24
245,0.950684932,-1.59
246,0.126027397,-1.47
246,0.202739726,-0.14
246,0.298630137,-1.37
246,0.37260274,-0.67
246,0.454794521,-0.21
246,0.539726027,-0.98
246,0.616438356,0.14
246,0.704109589,-0.53
246,0.789041096,-0.77
246,0.873972603,-1.32
246,0.964383562,-1.78
247,0.126027397,-0.95
247,0.238356164,-2.04
247,0.298630137,0.18
247,0.410958904,-0.43
247,0.509589041,1.38
247,0.561643836,0.94
247,0.64109589,0.74
247,0.734246575,0.9
247,0.819178082,0.32
247,0.904109589,0.19
247,0.991780822,-0.95
248,0.079452055,-0.09
248,0.136986301,-1.12
248,0.224657534,-1.17
248,0.301369863,-1.77
248,0.394520548,-2.26
248,0.501369863,-1.19
248,0.591780822,-1.2
248,0.665753425,-1.56
248,0.761643836,-1.77
248,0.846575342,-2.28
248,0.950684932,-1.39
249,0.043835616,1.12
249,0.073972603,0.24
249,0.178082192,-0.67
249,0.254794521,-1.02
249,0.304109589,-0.68
249,0.410958904,-1.74
249,0.504109589,-0.77
249,0.594520548,-0.83
249,0.679452055,-1.65
249,0.767123288,-1.97
249,0.852054795,-2.47
249,0.956164384,-1.7
250,0.090410959,-0.48
250,0.167123288,-0.17
250,0.252054795,0.05
250,0.336986301,-0.43
250,0.416438356,-1.34
250,0.509589041,-0.96
250,0.591780822,-1.64
250,0.671232877,-2.1
250,0.769863014,-1.44
250,0.849315068,-1.95
250,0.920547945,-1.44
251,0.038356164,-1.92
251,0.180821918,-2.82
251,0.219178082,-1.13
251,0.304109589,-1.45
251,0.416438356,-1.81
251,0.506849315,-0.61
251,0.58630137,-1
251,0.663013699,-1.35
251,0.747945205,-1.38
251,0.832876712,-1.94
251,0.928767123,-2.51
252,0.079452055,-0.04
252,0.126027397,0.15
252,0.238356164,-1.65
252,0.279452055,0.44
252,0.35890411,-1.54
252,0.449315068,-0.79
252,0.536986301,-1.04
252,0.632876712,-0.69
252,0.739726027,-1.3
252,0.816438356,-1.78
252,0.904109589,-2.28
252,0.989041096,-1.21
253,0.093150685,-0.46
253,0.147945205,-0.68
253,0.21369863,-0.52
253,0.323287671,-1.23
253,0.408219178,-1.26
253,0.487671233,-1.52
253,0.57260274,-1.32
253,0.660273973,-1.9
253,0.747945205,-1.68
253,0.832876712,-1.92
253,0.917808219,-2.16
253,1,-2.51
254,0.383561644,-0.74
254,0.463013699,-0.42
254,0.550684932,1.51
254,0.62739726,-0.01
254,0.712328767,0.26
254,0.852054795,0.31
254,0.920547945,0.09
255,0.002739726,-3.3
255,0.082191781,-0.77
255,0.156164384,0.41
255,0.22739726,-1.69
255,0.312328767,-0.45
255,0.391780822,-0.87
255,0.484931507,-1.94
255,0.523287671,-1.59
255,0.619178082,-1.96
255,0.742465753,-2.48
255,0.780821918,-2.06
255,0.912328767,-3.04
255,0.969863014,-3.34
256,0.073972603,0.45
256,0.139726027,0.52
256,0.230136986,-0.48
256,0.304109589,-0.58
256,0.424657534,-0.06
256,0.515068493,-0.42
256,0.6,-0.01
256,0.679452055,-0.17
256,0.764383562,-0.13
256,0.857534247,0.04
256,0.939726027,-0.82
257,0.095890411,-2.66
257,0.178082192,-0.88
257,0.252054795,-1.17
257,0.336986301,-0.63
257,0.416438356,-0.06
257,0.512328767,-0.98
257,0.591780822,-1.09
257,0.676712329,-1.73
257,0.75890411,-1.76
257,0.846575342,-0.63
257,0.915068493,-1.06
257,0.991780822,-1.51
258,0.126027397,-0.71
258,0.161643836,-0.01
258,0.224657534,-1.56
258,0.301369863,-1.56
258,0.37260274,-0.96
258,0.468493151,-1.19
258,0.583561644,-1.43
258,0.630136986,-1.15
258,0.709589041,-1.92
258,0.849315068,-2.83
258,0.931506849,-2.87
259,0.082191781,-0.52
259,0.145205479,0.66
259,0.243835616,-0.25
259,0.323287671,-0.82
259,0.468493151,-1.71
259,0.534246575,-1.89
259,0.62739726,-1.67
259,0.706849315,-2.04
259,0.75890411,-1.96
259,0.849315068,-2.29
259,0.934246575,-2.21
260,0.079452055,0.32
260,0.161643836,-0.24
260,0.202739726,-0.06
260,0.432876712,-0.1
260,0.501369863,0.13
260,0.583561644,-0.1
260,0.671232877,-0.75
260,0.75890411,-0.63
260,0.852054795,-1.42
260,0.928767123,-1.35
260,1,-1.35
261,0.126027397,-1.72
261,0.156164384,-0.85
261,0.243835616,-1.04
261,0.326027397,-1.02
261,0.44109589,-1.87
261,0.534246575,-0.84
261,0.605479452,-1.42
261,0.679452055,-4.33
261,0.75890411,-1.45
262,0.071232877,-0.77
262,0.164383562,-1.42
262,0.246575342,-1.72
262,0.334246575,-2.33
262,0.41369863,-2.89
262,0.512328767,-2.16
262,0.575342466,-2.2
262,0.698630137,-2.41
262,0.75890411,-2.58
262,0.835616438,-2.99
262,0.931506849,-3.26
263,0.071232877,-1.03
263,0.128767123,-1.76
263,0.224657534,-2.7
263,0.301369863,-0.08
263,0.383561644,-0.1
263,0.479452055,-0.56
263,0.561643836,-1.02
263,0.649315068,-1.57
263,0.723287671,-1.73
263,0.802739726,-1.94
263,0.887671233,-2.31
263,0.97260274,-2.69
264,0.071232877,-2.99
264,0.153424658,-2.71
264,0.246575342,-3.15
264,0.331506849,-3.78
264,0.424657534,-1.86
264,0.512328767,-2.51
264,0.57260274,-2.92
264,0.709589041,-3.78
264,0.767123288,-3.21
264,0.868493151,-3.73
264,0.964383562,-4.17
265,0.175342466,-1.47
265,0.254794521,-0.24
265,0.331506849,-0.46
265,0.416438356,-1.39
265,0.484931507,-2
265,0.536986301,-1.61
265,0.676712329,-2.59
265,0.761643836,-3.07
265,0.8,-3.27
265,0.926027397,-3.87
266,0.082191781,-0.27
266,0.15890411,1.91
266,0.246575342,2.83
266,0.334246575,-0.78
266,0.416438356,-0.73
266,0.506849315,-1.4
266,0.6,-0.19
266,0.676712329,0.04
266,0.761643836,-0.18
266,0.843835616,-0.61
266,0.931506849,-0.3
267,0.076712329,-0.9
267,0.153424658,-0.73
267,0.230136986,-0.43
267,0.317808219,-1.22
267,0.397260274,-1.24
267,0.471232877,-0.49
267,0.550684932,-0.84
267,0.646575342,-0.66
267,0.739726027,-1.17
267,0.819178082,-1.3
267,0.895890411,-1.64
267,0.994520548,-2.1
268,0.087671233,2.43
268,0.164383562,1.14
268,0.238356164,0.11
268,0.317808219,0.13
268,0.4,-0.27
268,0.490410959,0.01
268,0.567123288,-0.28
268,0.64109589,-0.11
268,0.717808219,-0.23
268,0.791780822,-0.69
268,0.873972603,-1.03
268,0.95890411,-1.44
269,0.068493151,-0.86
269,0.164383562,0.06
269,0.230136986,-0.82
269,0.306849315,0.31
269,0.380821918,1.07
269,0.465753425,0.89
269,0.624657534,-0.2
269,0.690410959,0.38
269,0.767123288,0.26
269,0.947945205,-0.23
270,0.076712329,1.41
270,0.153424658,0.61
270,0.22739726,0.23
270,0.323287671,1.69
270,0.405479452,0.9
270,0.487671233,0.25
270,0.575342466,-0.43
270,0.668493151,-0.05
270,0.775342466,-0.62
270,0.871232877,-0.97
270,0.906849315,-1.18
270,0.997260274,-1.49
271,0.079452055,-2.26
271,0.156164384,0.36
271,0.230136986,1.15
271,0.293150685,0.4
271,0.369863014,-0.35
271,0.452054795,-1.13
271,0.520547945,-1.38
271,0.597260274,-1.08
271,0.676712329,-1.64
271,0.778082192,-1.85
271,0.865753425,-2.27
271,0.950684932,-2.68
272,0.087671233,-1.92
272,0.156164384,-1.27
272,0.24109589,-1.17
272,0.312328767,-1.38
272,0.38630137,-1.95
272,0.463013699,-2.56
272,0.567123288,-1.14
272,0.638356164,-1.37
272,0.717808219,-1.86
272,0.8,-2.29
272,0.895890411,-2.67
272,0.956164384,-2.91
273,0.076712329,-0.13
273,0.153424658,-0.23
273,0.238356164,-0.98
273,0.312328767,-1.38
273,0.380821918,-1.49
273,0.449315068,-2.08
273,0.526027397,-1.83
273,0.610958904,-2.37
273,0.695890411,-2.31
273,0.789041096,-2.76
273,0.879452055,-3.19
273,0.95890411,-3.48
274,0.068493151,1.64
274,0.150684932,0.67
274,0.246575342,-1.58
274,0.323287671,-1.8
274,0.4,-2.36
274,0.495890411,-1.58
274,0.57260274,-0.42
274,0.657534247,-0.41
274,0.717808219,-0.63
274,0.77260274,-1.01
274,0.84109589,-1.03
274,0.931506849,-0.95
275,0.002739726,-0.2
275,0.098630137,0.59
275,0.15890411,0
275,0.243835616,-0.65
275,0.339726027,-1.29
275,0.41369863,-1.55
275,0.517808219,-0.42
275,0.591780822,-0.49
275,0.673972603,-0.76
275,0.75890411,-0.47
275,0.835616438,-0.47
275,0.912328767,-0.53
275,1,-0.93
276,0.002739726,0.06
276,0.087671233,-1.44
276,0.167123288,0.34
276,0.24109589,-0.02
276,0.301369863,0.04
276,0.38630137,-0.3
276,0.463013699,0.32
276,0.539726027,-0.06
276,0.608219178,-0.3
276,0.684931507,-0.84
276,0.764383562,-0.95
276,0.838356164,0.3
276,0.915068493,0.23
276,0.980821918,-0.1
277,0.084931507,-0.34
277,0.150684932,-0.43
277,0.230136986,-0.48
277,0.298630137,-0.89
277,0.383561644,0.44
277,0.468493151,-0.21
277,0.550684932,-0.84
277,0.624657534,-1.39
277,0.709589041,-1.92
277,0.81369863,-2.39
277,0.95890411,-2.17
278,0.065753425,-2.97
278,0.145205479,-3.16
278,0.22739726,-2.89
278,0.309589041,-1.91
278,0.391780822,-2.37
278,0.476712329,-2.8
278,0.556164384,-1.63
278,0.632876712,-2.1
278,0.717808219,-2.57
278,0.802739726,-2.96
278,0.887671233,-3.35
278,0.98630137,-3.81
279,0.095890411,0.41
279,0.169863014,-0.12
279,0.263013699,-0.51
279,0.339726027,-0.95
279,0.430136986,-0.11
279,0.517808219,-0.89
279,0.594520548,-1.29
279,0.671232877,-1.78
279,0.756164384,-2.23
279,0.835616438,-2.52
279,0.901369863,-2.87
279,0.978082192,-3.13
280,0.079452055,-1.74
280,0.221917808,0.8
280,0.315068493,-0.2
280,0.389041096,-1.05
280,0.479452055,-0.97
280,0.567123288,-0.7
280,0.643835616,-0.76
280,0.717808219,-0.94
280,0.794520548,-1.16
280,0.873972603,-1.24
280,0.950684932,-1.1
281,0.002739726,-1.52
281,0.073972603,0.46
281,0.156164384,-0.45
281,0.235616438,0.56
281,0.284931507,0.28
281,0.369863014,-0.12
281,0.476712329,-0.56
281,0.523287671,-0.75
281,0.610958904,-1.19
281,0.687671233,-1.17
281,0.77260274,-1.23
281,0.860273973,-1.15
281,0.942465753,-1.22
282,0.002739726,1.65
282,0.082191781,-0.53
282,0.156164384,-1.7
282,0.232876712,-0.77
282,0.309589041,-0.56
282,0.38630137,-0.54
282,0.468493151,-1.1
282,0.539726027,-1.31
282,0.61369863,-0.2
282,0.698630137,-0.49
282,0.778082192,-0.16
282,0.890410959,-0.47
283,0.002739726,0.06
283,0.076712329,-1.57
283,0.145205479,-1.23
283,0.22739726,-0.28
283,0.301369863,0.33
283,0.421917808,-0.92
283,0.515068493,-1.66
283,0.589041096,-1.75
283,0.668493151,-2.26
283,0.75890411,-2.79
283,0.821917808,-3.1
283,0.920547945,-3.45
284,0.068493151,1.13
284,0.134246575,0.02
284,0.375342466,-0.13
284,0.460273973,-0.93
284,0.602739726,-1.58
284,0.660273973,-1.29
284,0.742465753,-1.7
284,0.81369863,-1.95
284,0.890410959,-2.33
284,0.975342466,-2.69
285,0.249315068,-1.28
285,0.301369863,-0.36
285,0.375342466,-0.84
285,0.454794521,-0.34
285,0.528767123,-1.72
285,0.616438356,-0.95
285,0.704109589,-1.44
285,0.789041096,-1.57
285,0.890410959,-2.17
285,0.967123288,-2.54
286,0.079452055,-0.45
286,0.156164384,-1.17
286,0.232876712,-1.05
286,0.312328767,-1.15
286,0.391780822,-0.6
286,0.468493151,-0.47
286,0.526027397,-0.69
286,0.610958904,-0.74
286,0.695890411,-0.71
286,0.783561644,-0.96
286,0.865753425,-1.18
286,0.939726027,-1.21
287,0.032876712,-0.53
287,0.106849315,-0.3
287,0.18630137,-0.32
287,0.263013699,-0.52
287,0.342465753,-0.11
287,0.419178082,-0.01
287,0.506849315,0.75
287,0.843835616,-0.24
287,0.909589041,-0.56
288,0.002739726,-1.15
288,0.079452055,-1.12
288,0.156164384,-0.28
288,0.24109589,-0.69
288,0.309589041,-0.65
288,0.383561644,-0.79
288,0.471232877,-0.85
288,0.536986301,-0.87
288,0.539726027,-0.89
288,0.624657534,-0.24
288,0.701369863,-0.12
288,0.78630137,-0.28
288,0.876712329,-0.32
288,0.95890411,-0.73
289,0.082191781,-0.01
289,0.153424658,-0.89
289,0.22739726,-0.33
289,0.306849315,-1
289,0.383561644,-1.37
289,0.473972603,-0.54
289,0.550684932,-0.52
289,0.635616438,-0.47
289,0.715068493,-0.83
289,0.810958904,-1.27
289,0.887671233,-1.67
289,0.978082192,-0.59
290,0.079452055,0.83
290,0.156164384,-0.09
290,0.224657534,-0.63
290,0.301369863,-1.41
290,0.389041096,-2
290,0.463013699,-2.65
290,0.547945205,-0.77
290,0.619178082,-1.3
290,0.704109589,-0.53
290,0.791780822,-1.1
290,0.871232877,-1.57
290,0.967123288,-1.79
291,0.093150685,-1.48
291,0.156164384,0.01
291,0.306849315,-1.92
291,0.38630137,-2.95
291,0.463013699,-3.32
291,0.547945205,-2.22
291,0.621917808,-2.11
291,0.698630137,-1.36
291,0.775342466,-1.44
291,0.84109589,-1.64
291,0.931506849,-2.07
292,0.079452055,1.65
292,0.136986301,1.57
292,0.219178082,0.6
292,0.301369863,-0.08
292,0.367123288,0.99
292,0.460273973,1.39
292,0.545205479,1.08
292,0.635616438,0.44
292,0.750684932,1.2
292,0.824657534,0.86
292,0.904109589,0.47
293,0.035616438,3.33
293,0.082191781,3.59
293,0.164383562,2.03
293,0.309589041,0.47
293,0.394520548,-0.31
293,0.463013699,0.65
293,0.545205479,-0.01
293,0.6,-0.23
293,0.682191781,-0.62
293,0.75890411,-0.84
293,0.82739726,0.68
293,0.906849315,0.97
293,0.989041096,0.54
294,0.002739726,-1.15
294,0.079452055,1.35
294,0.156164384,1.59
294,0.235616438,0.82
294,0.312328767,0.94
294,0.389041096,1.39
294,0.446575342,1.3
294,0.526027397,0.8
294,0.608219178,0.44
294,0.684931507,0.21
294,0.769863014,-0.17
294,0.846575342,-0.42
294,0.923287671,-0.72
295,0.035616438,-1.41
295,0.104109589,0.57
295,0.180821918,-0.23
295,0.254794521,-0.08
295,0.331506849,-0.91
295,0.424657534,-1.41
295,0.506849315,-1.68
295,0.597260274,-1.93
295,0.687671233,-2.34
295,0.764383562,-2.61
295,0.852054795,-3
295,0.942465753,-3.2
296,0.131506849,-1.31
296,0.189041096,0.12
296,0.265753425,0.06
296,0.402739726,-0.84
296,0.438356164,-1.09
296,0.542465753,-1.83
296,0.610958904,-1.43
296,0.695890411,-1.76
296,0.77260274,-1.47
296,0.852054795,-1.83
296,0.947945205,-2.12
297,0.002739726,0.06
297,0.084931507,3.26
297,0.230136986,1.54
297,0.304109589,0.97
297,0.402739726,0.7
297,0.460273973,1.52
297,0.545205479,1.52
297,0.62739726,1.88
297,0.704109589,1.5
297,0.789041096,1.09
297,0.868493151,1.4
297,0.934246575,1.05
298,0.117808219,0.47
298,0.156164384,0.11
298,0.232876712,0.87
298,0.347945205,-0.17
298,0.38630137,-0.13
298,0.457534247,-0.37
298,0.542465753,-0.21
298,0.624657534,0.01
298,0.709589041,-0.18
298,0.794520548,-0.54
298,0.884931507,-1.01
298,0.967123288,-1.36
299,0.076712329,0.9
299,0.153424658,-0.14
299,0.219178082,0.6
299,0.293150685,0.02
299,0.37260274,-0.44
299,0.44109589,-0.22
299,0.526027397,-0.82
299,0.652054795,-1.59
299,0.728767123,-2.02
299,0.808219178,-2.46
299,0.884931507,-2.82
299,0.95890411,-3.09
300,0.076712329,1.93
300,0.156164384,0.7
300,0.232876712,-0.47
300,0.328767123,-0.88
300,0.408219178,-1.26
300,0.482191781,-0.59
300,0.55890411,-0.69
300,0.643835616,-0.85
300,0.720547945,-1.09
300,0.846575342,0.39
300,0.912328767,0.06
300,0.978082192,-0.29
301,0.550684932,-1.77
301,0.632876712,-2.27
301,0.693150685,-1.8
301,0.778082192,-1.94
301,0.863013699,-2.04
301,0.950684932,-1.7
302,0.002739726,-0.62
302,0.038356164,1.4
302,0.128767123,-0.26
302,0.21369863,-0.52
302,0.301369863,1.32
302,0.367123288,0.67
302,0.416438356,0.92
302,0.528767123,0.08
302,0.632876712,-0.56
302,0.687671233,0.19
302,0.75890411,-0.1
302,0.950684932,0.58
303,0.079452055,-2.26
303,0.161643836,-2.56
303,0.249315068,-3.48
303,0.306849315,-3.66
303,0.375342466,-3.14
303,0.452054795,-3.11
303,0.471232877,-2.34
303,0.57260274,-2.96
303,0.630136986,-2.71
303,0.717808219,-2.87
303,0.797260274,-2.94
303,0.879452055,-2.92
303,0.95890411,-3.24
304,0.002739726,-1.52
304,0.15890411,0.35
304,0.232876712,-0.13
304,0.331506849,-0.17
304,0.38630137,-0.78
304,0.473972603,1.48
304,0.542465753,1.45
304,0.630136986,1.08
304,0.723287671,0.68
304,0.802739726,0.11
304,0.893150685,-0.19
304,0.978082192,-0.59
305,0.073972603,0.19
305,0.142465753,-1.02
305,0.221917808,-1.37
305,0.315068493,-0.25
305,0.394520548,-0.53
305,0.468493151,-0.91
305,0.547945205,-1.13
305,0.621917808,-0.39
305,0.704109589,-0.93
305,0.794520548,-0.74
305,0.879452055,-0.86
305,0.967123288,-1.32
306,0.071232877,-0.5
306,0.150684932,-1.24
306,0.22739726,-0.18
306,0.306849315,-0.47
306,0.539726027,4.12
306,0.643835616,3.25
306,0.720547945,2.72
306,0.8,2.16
306,0.879452055,1.68
306,0.95890411,1.15
307,0.073972603,-0.47
307,0.15890411,-1
307,0.238356164,0.32
307,0.334246575,-0.88
307,0.4,-1.64
307,0.534246575,-1.08
307,0.610958904,-1.69
307,0.679452055,-2.15
307,0.764383562,-2.33
307,0.846575342,-2.81
307,0.920547945,-3.07
308,0.002739726,-0.08
308,0.073972603,-1.61
308,0.169863014,-0.53
308,0.235616438,-0.61
308,0.315068493,-1.09
308,0.383561644,-1.47
308,0.465753425,-1.78
308,0.542465753,-1.52
308,0.619178082,-0.8
308,0.695890411,-1.13
308,0.77260274,-1.42
308,0.860273973,-1.75
308,0.945205479,-2.15
309,0.095890411,-0.26
309,0.161643836,-0.56
309,0.232876712,-0.87
309,0.326027397,0.09
309,0.416438356,-0.87
309,0.484931507,-1.3
309,0.567123288,-2
309,0.652054795,-2.41
309,0.750684932,-2.82
309,0.838356164,-3.2
309,0.931506849,-2.1
310,0.057534247,-1.21
310,0.134246575,-1.81
310,0.230136986,-0.29
310,0.364383562,-1.91
310,0.44109589,-1.52
310,0.504109589,-1.65
310,0.553424658,0.14
310,0.643835616,0.3
310,0.728767123,-0.52
310,0.821917808,-0.91
310,0.909589041,-1.04
310,0.997260274,-0.63
311,0.123287671,-1.77
311,0.208219178,0.8
311,0.295890411,-0.37
311,0.37260274,-0.86
311,0.493150685,0.73
311,0.57260274,0.27
311,0.660273973,-0.2
311,0.736986301,-0.32
311,0.821917808,-0.81
311,0.906849315,-1.35
311,0.983561644,-1.46
312,0.073972603,-0.06
312,0.153424658,1.12
312,0.230136986,-0.33
312,0.320547945,0.26
312,0.402739726,-0.72
312,0.509589041,-0.68
312,0.610958904,-0.18
312,0.616438356,-0.23
312,0.720547945,-0.33
312,0.816438356,-0.65
312,0.912328767,-0.7
312,0.98630137,-0.59
313,0.071232877,0
313,0.153424658,-0.73
313,0.235616438,0.01
313,0.323287671,-0.12
313,0.416438356,-0.88
313,0.484931507,-0.43
313,0.490410959,-0.48
313,0.57260274,-1.06
313,0.657534247,0.07
313,0.753424658,-0.64
313,0.84109589,-1.03
313,0.906849315,-1.22
313,0.991780822,-1.69
314,0.084931507,-0.58
314,0.142465753,-0.43
314,0.230136986,-0.82
314,0.306849315,-0.62
314,0.449315068,-1.19
314,0.517808219,-0.89
314,0.602739726,-1.11
314,0.687671233,-1.29
314,0.764383562,3.04
314,0.852054795,2.13
314,0.936986301,1.57
315,0.115068493,-2.09
315,0.147945205,-1.53
315,0.235616438,-2.38
315,0.326027397,-1.35
315,0.41369863,-1.79
315,0.495890411,-2.33
315,0.578082192,-2.77
315,0.663013699,-2.26
315,0.665753425,-2.51
315,0.750684932,-2.69
315,0.821917808,-3.14
315,0.923287671,-3.73
316,0.002739726,0.46
316,0.131506849,0.44
316,0.169863014,0.94
316,0.224657534,0.51
316,0.315068493,-0.63
316,0.419178082,-0.46
316,0.512328767,-0.84
316,0.597260274,-0.64
316,0.676712329,-0.79
316,0.764383562,-1.08
316,0.852054795,-1.79
316,0.936986301,-0.76
317,0.002739726,-0.08
317,0.147945205,-0.13
317,0.191780822,-1.39
317,0.282191781,0.26
317,0.394520548,0.6
317,0.479452055,0.33
317,0.556164384,0.55
317,0.632876712,0.17
317,0.712328767,-0.2
317,0.791780822,-0.81
317,0.882191781,-1.28
317,0.964383562,-1.62
318,0.126027397,0
318,0.210958904,0.5
318,0.295890411,-0.08
318,0.389041096,-0.57
318,0.471232877,-1.41
318,0.545205479,-1.49
318,0.62739726,-1.77
318,0.715068493,-1.19
318,0.805479452,-1.67
318,0.868493151,-2.07
318,0.950684932,-1.79
319,0.095890411,0.95
319,0.180821918,0.26
319,0.263013699,-0.05
319,0.353424658,-0.24
319,0.432876712,-0.59
319,0.515068493,-1.65
319,0.594520548,-1.91
319,0.679452055,-1.57
319,0.764383562,-0.96
319,0.852054795,-1.5
319,0.936986301,-1.99
320,0.345205479,1.05
320,0.449315068,0.6
320,0.706849315,-0.41
320,0.789041096,-0.58
320,0.882191781,-0.96
320,0.961643836,-0.67
321,0.501369863,-1.63
321,0.578082192,-1.79
321,0.663013699,-0.27
321,0.747945205,-0.65
321,0.832876712,-1.19
321,0.912328767,-1.45
322,0.082191781,-2.82
322,0.169863014,0.06
322,0.249315068,-0.33
322,0.334246575,-1.4
322,0.419178082,-1.81
322,0.498630137,-2.05
322,0.58630137,-2.28
322,0.673972603,-2.92
322,0.75890411,-3.45
322,0.854794521,-3.13
322,0.934246575,-3.35
323,0.095890411,-1.29
323,0.191780822,-0.17
323,0.279452055,0.53
323,0.356164384,-0.27
323,0.432876712,-0.14
323,0.520547945,0.5
323,0.608219178,0.14
323,0.709589041,-0.6
323,0.780821918,-1.07
323,0.879452055,-0.86
323,0.964383562,-1.35
324,0.002739726,-0.62
324,0.079452055,-0.5
324,0.175342466,-0.38
324,0.243835616,-0.54
324,0.432876712,-2.84
324,0.517808219,-3.04
324,0.580821918,-2.24
324,0.62739726,-0.86
324,0.715068493,-1.05
324,0.802739726,-1.61
324,0.887671233,-1.71
324,0.975342466,-2.58
325,0.095890411,-0.1
325,0.175342466,1.17
325,0.309589041,0.89
325,0.394520548,0.56
325,0.479452055,0.39
325,0.567123288,-0.29
325,0.726027397,-0.24
325,0.876712329,-0.78
325,1,-0.72
326,0.098630137,0.34
326,0.208219178,-0.44
326,0.38630137,-0.07
326,0.471232877,-0.94
326,0.55890411,-1.24
326,0.643835616,-2.35
326,0.726027397,-1.13
326,0.805479452,-1.14
326,0.879452055,-1.53
326,0.95890411,-1.92
327,0.084931507,0.69
327,0.169863014,-0.22
327,0.257534247,-1.5
327,0.334246575,-1.36
327,0.424657534,-1.43
327,0.506849315,-1.26
327,0.594520548,-1.98
327,0.679452055,-2.61
327,0.75890411,-2.34
327,0.835616438,-2.74
327,0.923287671,-2.05
327,0.997260274,-2.47
328,0.55890411,-0.78
328,0.638356164,-0.94
328,0.723287671,-0.81
328,0.810958904,-1.25
328,0.901369863,-1.79
329,0.095890411,-2.41
329,0.164383562,-2.61
329,0.260273973,0.41
329,0.345205479,-1.02
329,0.424657534,-0.95
329,0.515068493,-1.56
329,0.591780822,-2.05
329,0.668493151,-2.62
329,0.832876712,-2.29
329,0.909589041,-2.75
330,0.090410959,-0.96
330,0.219178082,0.36
330,0.301369863,-0.36
330,0.391780822,-0.64
330,0.468493151,-0.47
330,0.509589041,-0.38
330,0.594520548,-0.62
330,0.673972603,-0.68
330,0.81369863,-1.07
330,0.893150685,-0.34
330,0.975342466,-0.82
331,0.060273973,1.09
331,0.136986301,0.82
331,0.243835616,0.43
331,0.320547945,0.26
331,0.402739726,0.23
331,0.493150685,1.06
331,0.575342466,0.48
331,0.663013699,0.69
331,0.739726027,1.01
331,0.821917808,0.42
331,0.904109589,-0.13
332,0.002739726,-1.52
332,0.093150685,0.48
332,0.189041096,-1.08
332,0.271232877,-1.47
332,0.35890411,-2.62
332,0.443835616,-2.89
332,0.515068493,-2.26
332,0.608219178,0.25
332,0.673972603,0.06
332,0.75890411,-0.56
332,0.863013699,-1.25
332,0.936986301,-0.81
333,0.109589041,-0.95
333,0.191780822,-1.93
333,0.320547945,-1.91
333,0.4,-2.59
333,0.498630137,-0.25
333,0.578082192,-0.47
333,0.676712329,-0.32
333,0.750684932,-1.31
333,0.82739726,-1.38
333,0.926027397,-1.98
334,0.076712329,0.08
334,0.161643836,-1.06
334,0.22739726,-1.81
334,0.320547945,-2.58
334,0.41369863,-2.74
334,0.484931507,-2.51
334,0.569863014,-2.71
334,0.660273973,-2.83
334,0.745205479,-3.1
334,0.835616438,-3.4
334,0.912328767,-3.62
335,0.084931507,-3.01
335,0.169863014,-4.27
335,0.254794521,-4.74
335,0.331506849,-5.13
335,0.419178082,-5.16
335,0.506849315,-3.13
335,0.591780822,-2.6
335,0.673972603,-3.02
335,0.756164384,-3.13
335,0.830136986,-3.5
335,0.923287671,-3.34
336,0.079452055,-2.78
336,0.156164384,-1.7
336,0.235616438,0.17
336,0.320547945,-0.17
336,0.405479452,0.25
336,0.495890411,-0.23
336,0.580821918,-0.44
336,0.665753425,-0.69
336,0.750684932,-0.82
336,0.82739726,-1.03
336,0.906849315,-1.05
336,0.978082192,-1.09
337,0.123287671,-1.9
337,0.208219178,-1.64
337,0.293150685,-1.95
337,0.378082192,-1.78
337,0.454794521,-1.87
337,0.542465753,-2.31
337,0.621917808,-2.32
337,0.701369863,-1.38
337,0.797260274,-1.82
337,0.873972603,-2.11
337,0.964383562,-2.45
338,0.076712329,-0.64
338,0.150684932,-1.04
338,0.238356164,-1.99
338,0.315068493,-2.56
338,0.402739726,-3
338,0.493150685,-3.48
338,0.567123288,-1.35
338,0.649315068,-1.44
338,0.736986301,-1.66
338,0.819178082,-1.98
338,0.909589041,-2.36
338,0.997260274,-2.6
339,0.232876712,-1.1
339,0.320547945,-1.76
339,0.402739726,-2.11
339,0.493150685,-1.56
339,0.58630137,-1.89
339,0.671232877,-2.36
339,0.745205479,-2.49
339,0.84109589,-2.85
339,0.923287671,-3.1
339,0.997260274,-3.39
340,0.079452055,-1.58
340,0.156164384,-2.75
340,0.235616438,0.58
340,0.306849315,1.15
340,0.38630137,-1.77
340,0.482191781,-2.36
340,0.55890411,-1.73
340,0.643835616,-1.41
340,0.728767123,-0.52
340,0.810958904,-0.81
340,0.893150685,-0.94
340,0.98630137,-1.12
341,0.038356164,-0.51
341,0.134246575,-1.75
341,0.208219178,-2.38
341,0.295890411,-2.79
341,0.380821918,-1.29
341,0.465753425,-1.31
341,0.55890411,-1.47
341,0.649315068,-1.94
341,0.731506849,-2.07
341,0.81369863,-1.86
341,0.898630137,-2.25
341,0.975342466,-2.48
342,0.073972603,-1.55
342,0.139726027,-0.61
342,0.232876712,-1.26
342,0.312328767,-1.56
342,0.397260274,-1.19
342,0.487671233,-1.56
342,0.567123288,-1.63
342,0.654794521,-1.75
342,0.742465753,-1.74
342,0.832876712,-2.11
342,0.909589041,-2.27
342,0.98630137,-2.33
343,0.076712329,-1.11
343,0.167123288,-1.72
343,0.232876712,-1.6
343,0.323287671,-1.46
343,0.41369863,-1.31
343,0.493150685,-1.7
343,0.575342466,-1.88
343,0.665753425,-2.15
343,0.747945205,-2.18
343,0.824657534,-2.46
343,0.915068493,-2.74
343,0.989041096,-2.89
344,0.076712329,-2.19
344,0.153424658,-2.7
344,0.235616438,-3.76
344,0.323287671,-4.11
344,0.408219178,-4.53
344,0.473972603,-4.76
344,0.57260274,-3.98
344,0.652054795,-4.23
344,0.723287671,-4.61
344,0.805479452,-4.85
344,0.901369863,-5.2
345,0.079452055,-1.23
345,0.156164384,-0.9
345,0.252054795,-1.17
345,0.328767123,-0.81
345,0.424657534,-0.81
345,0.498630137,-0.25
345,0.610958904,-0.73
345,0.654794521,-0.79
345,0.747945205,-1.29
345,0.824657534,-1.58
345,0.898630137,-0.53
345,1,-0.42
346,0.164383562,0.06
346,0.246575342,-0.77
346,0.331506849,-0.26
346,0.42739726,0.14
346,0.495890411,-0.26
346,0.567123288,-0.45
346,0.660273973,-0.59
346,0.739726027,-0.76
346,0.838356164,-0.45
346,0.912328767,-0.82
347,0.079452055,-0.2
347,0.164383562,-0.88
347,0.246575342,-1.29
347,0.326027397,-1.73
347,0.419178082,-1.81
347,0.498630137,-1.52
347,0.589041096,-1.44
347,0.671232877,-1.59
347,0.761643836,-1.97
347,0.843835616,-1.86
347,0.934246575,-1.97
348,0.079452055,-2
348,0.153424658,-2.4
348,0.230136986,-2.3
348,0.320547945,-2.15
348,0.402739726,-1.2
348,0.495890411,-1.16
348,0.580821918,-1.32
348,0.665753425,-1.51
348,0.745205479,-1.71
348,0.824657534,-2.02
348,0.915068493,-2.35
348,1,-2.65
349,0.082191781,-2.16
349,0.156164384,-2.75
349,0.235616438,-3.48
349,0.309589041,-1.77
349,0.391780822,-2.46
349,0.476712329,-2.72
349,0.567123288,-3.05
349,0.624657534,-2.98
349,0.709589041,-2.73
349,0.791780822,-2.77
349,0.887671233,-2.91
349,0.978082192,-2.99
350,0.079452055,-1.22
350,0.169863014,-1.51
350,0.249315068,-0.9
350,0.336986301,-1.85
350,0.432876712,-2.16
350,0.515068493,-2.18
350,0.605479452,-2.42
350,0.684931507,-2.11
350,0.769863014,-2.44
350,0.84109589,-2.69
350,0.934246575,-2.96
351,0.079452055,1.4
351,0.156164384,0.7
351,0.252054795,-0.37
351,0.328767123,-0.79
351,0.405479452,-1.23
351,0.498630137,-1.17
351,0.580821918,-1.38
351,0.657534247,-1.29
351,0.753424658,-1.63
351,0.82739726,-1.72
351,0.906849315,-2.06
351,0.997260274,-1.57
352,0.084931507,-2.4
352,0.169863014,-3.17
352,0.246575342,-2.56
352,0.339726027,-3.3
352,0.430136986,-2.66
352,0.504109589,-2.45
352,0.58630137,-2.84
352,0.682191781,-3.17
352,0.753424658,-3.15
352,0.835616438,-3.44
352,0.912328767,-3.71
353,0.082191781,0.15
353,0.164383562,0.55
353,0.238356164,0.02
353,0.320547945,-0.32
353,0.397260274,-0.15
353,0.487671233,-0.63
353,0.580821918,-0.95
353,0.665753425,-1.13
353,0.756164384,-1.53
353,0.82739726,-1.52
353,0.904109589,-1.72
353,0.980821918,-1.95
354,0.084931507,-1.37
354,0.156164384,-1.85
354,0.238356164,-1.94
354,0.312328767,-3.01
354,0.389041096,-3.43
354,0.468493151,-2.79
354,0.547945205,-2.44
354,0.624657534,-2.48
354,0.693150685,-2.7
354,0.77260274,-3.23
354,0.857534247,-3.75
354,0.934246575,-3.74
355,0.079452055,-0.2
355,0.156164384,-0.9
355,0.246575342,-1.68
355,0.328767123,-2.59
355,0.419178082,-2.79
355,0.493150685,-3.01
355,0.569863014,-2.25
355,0.665753425,-2.37
355,0.750684932,-2.2
355,0.84109589,-2.34
355,0.923287671,-2.4
356,0.076712329,-3.22
356,0.145205479,-1.92
356,0.22739726,-0.59
356,0.301369863,-1.25
356,0.380821918,-1.53
356,0.465753425,-1.33
356,0.534246575,-0.58
356,0.608219178,-0.59
356,0.701369863,-0.96
356,0.783561644,-1
356,0.876712329,-0.93
356,0.967123288,-0.74
357,0.079452055,-2.25
357,0.150684932,-2.96
357,0.24109589,-0.93
357,0.326027397,-1.08
357,0.4,-1.22
357,0.487671233,-1.61
357,0.567123288,-1.93
357,0.652054795,-2.18
357,0.747945205,-2.51
357,0.824657534,-2.6
357,0.915068493,-2.98
358,0.087671233,1.66
358,0.183561644,0.7
358,0.276712329,1.27
358,0.361643836,0.5
358,0.432876712,-0.05
358,0.506849315,-0.35
358,0.591780822,-0.6
358,0.671232877,-0.83
358,0.756164384,-0.08
358,0.824657534,-0.24
358,0.931506849,-0.81
359,0.084931507,-1.88
359,0.183561644,-1.48
359,0.252054795,-0.2
359,0.331506849,-0.32
359,0.421917808,-0.45
359,0.504109589,0.21
359,0.589041096,0.36
359,0.676712329,0.13
359,0.769863014,-0.1
359,0.849315068,-0.21
359,0.928767123,-0.46
360,0.079452055,0.32
360,0.161643836,-0.56
360,0.252054795,0.05
360,0.336986301,-0.1
360,0.424657534,-0.57
360,0.506849315,-0.98
360,0.58630137,-1.46
360,0.676712329,-1.23
360,0.753424658,-1.06
360,0.852054795,-1.49
360,0.939726027,-1.42
361,0.002739726,-2.76
361,0.082191781,-2.26
361,0.164383562,-2.4
361,0.249315068,-2.23
361,0.334246575,-2.38
361,0.41369863,-2.67
361,0.501369863,-2.74
361,0.580821918,-2.33
361,0.671232877,-1.85
361,0.750684932,-1.7
361,0.846575342,-1.39
361,0.936986301,-1.59
362,0.093150685,-0.45
362,0.17260274,-0.52
362,0.249315068,-1.62
362,0.326027397,-2.22
362,0.424657534,-3.08
362,0.506849315,-3.22
362,0.591780822,-2.42
362,0.673972603,-2.61
362,0.747945205,-2.54
362,0.84109589,-2.95
362,0.923287671,-3.25
363,0.076712329,-0.13
363,0.169863014,-0.92
363,0.243835616,-1.83
363,0.323287671,-1.56
363,0.421917808,-1.44
363,0.490410959,-1.67
363,0.575342466,-1.69
363,0.663013699,-2.04
363,0.756164384,-1.39
363,0.821917808,-1.78
363,0.915068493,-1.49
364,0.079452055,-1.74
364,0.175342466,-1.07
364,0.260273973,-0.81
364,0.334246575,-0.83
364,0.421917808,-0.45
364,0.504109589,0.59
364,0.6,-0.09
364,0.693150685,-0.4
364,0.769863014,-0.59
364,0.852054795,-1.1
364,0.926027397,-1.34
364,0.997260274,-1.59
365,0.073972603,-0.68
365,0.161643836,-1.06
365,0.24109589,-1
365,0.334246575,-1.65
365,0.408219178,-2.2
365,0.484931507,-2.8
365,0.580821918,-3.26
365,0.668493151,-2.8
365,0.734246575,-3.03
365,0.821917808,-3.27
365,0.912328767,-3.62
365,0.98630137,-3.55
366,0.079452055,-2.78
366,0.169863014,-1.62
366,0.260273973,-0.33
366,0.336986301,0.05
366,0.41369863,-0.36
366,0.490410959,-0.69
366,0.583561644,-1.2
366,0.663013699,-1.58
366,0.756164384,-1.7
366,0.835616438,-1.52
366,0.926027397,-1.64
367,0.117808219,0.52
367,0.21369863,-0.28
367,0.282191781,-0.64
367,0.364383562,-1.36
367,0.460273973,-1.78
367,0.539726027,-1.68
367,0.62739726,-1.72
367,0.693150685,-1.57
367,0.791780822,-1.79
367,0.887671233,-2.19
367,0.956164384,-2.09
368,0.263013699,-0.37
368,0.345205479,-0.06
368,0.432876712,-0.75
368,0.517808219,-0.14
368,0.58630137,-0.07
368,0.673972603,-0.53
368,0.761643836,-0.98
368,0.852054795,-0.88
368,0.934246575,-1.09
369,0.079452055,-2.16
369,0.161643836,-2.06
369,0.246575342,-1.87
369,0.331506849,-2.29
369,0.42739726,-2.4
369,0.523287671,-2.19
369,0.602739726,-2.55
369,0.679452055,-2.97
369,0.764383562,-3.09
369,0.846575342,-3.33
369,0.931506849,-3.64
370,0.060273973,-1.08
370,0.131506849,0.44
370,0.219178082,-0.37
370,0.309589041,-0.51
370,0.402739726,-0.93
370,0.484931507,-1.32
370,0.564383562,-1.77
370,0.64109589,-2.07
370,0.736986301,-2.48
370,0.808219178,-2.34
370,0.884931507,-2.54
370,0.975342466,-2.89
371,0.084931507,-0.86
371,0.167123288,-2.17
371,0.257534247,-2.04
371,0.334246575,-2.03
371,0.42739726,-2.82
371,0.506849315,-1.26
371,0.58630137,-1.59
371,0.682191781,-2.17
371,0.778082192,-2.38
371,0.852054795,-2.62
371,0.928767123,-2.86
372,0.079452055,-1.18
372,0.164383562,-2.41
372,0.254794521,-2.2
372,0.334246575,-2.32
372,0.41369863,-2.97
372,0.506849315,-3.64
372,0.58630137,-3.48
372,0.663013699,-3.22
372,0.734246575,-3.16
372,0.832876712,-3.6
372,0.917808219,-3.65
373,0.252054795,-2.64
373,0.347945205,-2.97
373,0.430136986,-3.37
373,0.504109589,-3.38
373,0.621917808,-2.83
373,0.684931507,-3.1
373,0.753424658,-3.06
373,0.838356164,-3.37
373,0.915068493,-2.52
373,1,-2.82
